date,open,close,high,low,volume,amount,pct_chg,change,turnover,amplitude,outstanding_share
2023-06-26,6.43,6.27,6.49,6.23,4041400.0,25824995.0,,,0.004994959606950393,,809095632.0
2023-06-27,6.26,6.51,6.56,6.24,3725044.0,24261492.0,3.8277511961722466,0.2400000000000002,0.004603960091580373,5.10366826156299,809095632.0
2023-06-28,6.51,6.55,6.56,6.42,2866942.0,18840413.0,0.6144393241167334,0.040000000000000036,0.003543390776827232,2.1505376344085976,809095632.0
2023-06-29,6.56,6.54,6.59,6.5,2171636.0,14361805.0,-0.15267175572518665,-0.009999999999999787,0.002684028826891504,1.3740458015267154,809095632.0
2023-06-30,6.55,6.59,6.72,6.54,2323200.0,15535201.0,0.7645259938837912,0.04999999999999982,0.002871354025552322,2.752293577981647,809095632.0
2023-07-03,6.62,6.64,6.67,6.57,1907200.0,12761439.0,0.7587253414264028,0.04999999999999982,0.002357199723456176,1.517450682852802,809095632.0
2023-07-04,6.65,6.53,6.65,6.5,2562502.0,16929763.0,-1.6566265060240837,-0.10999999999999943,0.0031671188159374465,2.2590361445783187,809095632.0
2023-07-05,6.55,6.57,6.6,6.5,1820998.0,12071029.0,0.6125574272588086,0.040000000000000036,0.002250658547616532,1.5313935681470083,809095632.0
2023-07-06,6.57,6.56,6.61,6.49,1857300.0,12280746.0,-0.15220700152207556,-0.010000000000000675,0.00229552592616147,1.8264840182648419,809095632.0
2023-07-07,6.6,6.61,6.67,6.56,2264700.0,15112524.0,0.7621951219512368,0.05000000000000071,0.0027990510768200515,1.676829268292688,809095632.0
2023-07-10,6.61,6.63,6.63,6.55,1813129.0,12098415.0,0.302571860816947,0.019999999999999574,0.00224093287405116,1.2102874432677773,809095632.0
2023-07-11,6.72,6.6,6.73,6.57,2328595.0,15597239.0,-0.4524886877828038,-0.03000000000000025,0.002878021964157631,2.4132730015082977,809095632.0
2023-07-12,6.6,6.48,6.64,6.45,2732769.0,17993912.0,-1.8181818181818077,-0.11999999999999922,0.0033775599470792844,2.8787878787878713,809095632.0
2023-07-13,6.53,6.51,6.55,6.44,1374950.0,9051886.0,0.4629629629629539,0.02999999999999936,0.0016993664847766723,1.6975308641975222,809095632.0
2023-07-14,6.58,6.48,6.58,6.48,1548400.0,10221663.0,-0.4608294930875445,-0.02999999999999936,0.0019137416378982503,1.5360983102918533,809095632.0
2023-07-17,6.49,6.53,6.55,6.35,1997652.0,13050923.0,0.7716049382715973,0.04999999999999982,0.0024689936776225237,3.0864197530864224,809095632.0
2023-07-18,6.53,6.52,6.55,6.45,1719000.0,11311037.0,-0.15313935681471325,-0.010000000000000675,0.002124594339671333,1.5313935681470083,809095632.0
2023-07-19,6.52,6.61,6.63,6.49,2762871.0,18398641.0,1.3803680981595123,0.09000000000000075,0.0034147644490064434,2.147239263803676,809095632.0
2023-07-20,6.64,6.58,6.66,6.56,1651876.0,11039628.0,-0.45385779122542047,-0.03000000000000025,0.0020416325767533003,1.5128593040847282,809095632.0
2023-07-21,6.58,6.73,6.74,6.58,4012177.0,27111911.0,2.2796352583586588,0.15000000000000036,0.00495884150317598,2.4316109422492422,809095632.0
2023-07-24,6.83,6.77,6.88,6.55,5600005.0,38028786.0,0.5943536404160454,0.03999999999999915,0.006921314092571939,4.903417533432393,809095632.0
2023-07-25,6.8,6.99,7.01,6.79,8683206.0,60983601.0,3.2496307237813937,0.22000000000000064,0.010731989713670832,3.249630723781385,809095632.0
2023-07-26,6.97,7.07,7.09,6.93,6826730.0,48613261.0,1.1444921316166035,0.08000000000000007,0.00843748220853082,2.2889842632331923,809095632.0
2023-07-27,6.95,7.03,7.15,6.94,7172800.0,51203689.0,-0.5657708628005631,-0.040000000000000036,0.008865206678065467,2.97029702970297,809095632.0
2023-07-28,7.03,7.06,7.13,7.0,5225796.0,37254694.0,0.426742532005675,0.02999999999999936,0.00645881128672315,1.8492176386913213,809095632.0
2023-07-31,7.07,7.16,7.22,7.07,8895500.0,64509523.0,1.4164305949008638,0.10000000000000053,0.010994374024750637,2.124645892351267,809095632.0
2023-08-01,7.12,7.21,7.29,7.11,10494386.0,76493158.0,0.6983240223463749,0.04999999999999982,0.012970513725378757,2.5139664804469235,809095632.0
2023-08-02,7.2,7.28,7.34,7.18,7833013.0,57638086.0,0.9708737864077666,0.07000000000000028,0.009681195510396723,2.2191400832177552,809095632.0
2023-08-03,7.23,7.33,7.35,7.14,7084465.0,51971424.0,0.6868131868131844,0.04999999999999982,0.00875602922547974,2.884615384615384,809095632.0
2023-08-04,7.3,7.27,7.42,7.23,6351700.0,46954476.0,-0.8185538881309795,-0.0600000000000005,0.007850369905346368,2.5920873124147272,809095632.0
2023-08-07,7.22,7.07,7.22,7.04,7540164.0,54124803.0,-2.75103163686381,-0.1999999999999993,0.00931924942093866,2.475928473177438,809095632.0
2023-08-08,7.12,7.02,7.14,6.94,5439045.0,38700638.0,-0.7072135785007205,-0.05000000000000071,0.006722375927991662,2.8288543140028186,809095632.0
2023-08-09,7.05,6.99,7.1,6.95,4204945.0,29801604.0,-0.42735042735041473,-0.02999999999999936,0.0051970926967011485,2.136752136752129,809095632.0
2023-08-10,6.97,7.01,7.07,6.94,3111134.0,22012190.0,0.28612303290413976,0.019999999999999574,0.0038451993521576694,1.8597997138769653,809095632.0
2023-08-11,7.05,7.05,7.12,6.99,5891528.0,42042298.0,0.5706134094151327,0.040000000000000036,0.0072816213151920715,1.8544935805991425,809095632.0
2023-08-14,6.92,6.93,6.99,6.85,4913600.0,34329284.0,-1.7021276595744705,-0.1200000000000001,0.006072953314374091,1.9858156028368874,809095632.0
2023-08-15,6.92,6.9,6.99,6.84,3220414.0,22456773.0,-0.43290043290041824,-0.02999999999999936,0.003980263732285234,2.16450216450217,809095632.0
2023-08-16,6.9,7.0,7.09,6.82,5062651.0,35741143.0,1.4492753623188248,0.09999999999999964,0.006257172576109025,3.913043478260863,809095632.0
2023-08-17,7.01,6.95,7.02,6.89,3113800.0,21863831.0,-0.7142857142857117,-0.04999999999999982,0.0038484943891033143,1.8571428571428554,809095632.0
2023-08-18,6.96,6.82,7.02,6.8,3589100.0,25070347.0,-1.8705035971222972,-0.1299999999999999,0.004435940398204993,3.1654676258992773,809095632.0
2023-08-21,6.86,6.73,6.89,6.73,3782611.0,26059565.0,-1.319648093841641,-0.08999999999999986,0.0046751099009764525,2.346041055718464,809095632.0
2023-08-22,6.76,6.77,6.81,6.68,4020400.0,27405575.0,0.5943536404160454,0.03999999999999915,0.00496900470227727,1.9316493313521528,809095632.0
2023-08-23,6.74,6.69,6.79,6.67,2285000.0,15546216.0,-1.1816838995568513,-0.07999999999999918,0.00282414081800407,1.7725258493353047,809095632.0
2023-08-24,6.71,6.6,6.76,6.59,3243055.0,21763655.0,-1.3452914798206428,-0.09000000000000075,0.004008246827366385,2.541106128550074,809095632.0
2023-08-25,6.56,6.64,6.72,6.56,3194972.0,21460421.0,0.60606060606061,0.040000000000000036,0.003948818747299825,2.4242424242424265,809095632.0
2023-08-28,6.89,6.83,7.06,6.79,10080110.0,70544586.0,2.8614457831325435,0.1900000000000004,0.012458490197361491,4.066265060240958,809095632.0
2023-08-29,6.83,7.13,7.13,6.8,10025610.0,70985275.0,4.392386530014636,0.2999999999999998,0.012391131039995529,4.831625183016106,809095632.0
2023-08-30,7.2,7.11,7.23,7.04,7934445.0,57118944.0,-0.28050490883589907,-0.019999999999999574,0.00980656017186359,2.6647966339410996,809095632.0
2023-08-31,7.11,6.81,7.15,6.8,8067300.0,56343292.0,-4.219409282700437,-0.3000000000000007,0.009970762022356338,4.922644163150499,809095632.0
2023-09-01,6.89,6.81,6.93,6.76,5346700.0,36902643.0,0.0,0.0,0.006608242324561208,2.4963289280469887,809095632.0
2023-09-04,6.83,6.83,6.95,6.8,5449201.0,37838555.0,0.2936857562408246,0.020000000000000462,0.00673492821427072,2.2026431718061725,809095632.0
2023-09-05,6.85,6.61,6.86,6.56,8487300.0,57013357.0,-3.221083455344065,-0.21999999999999975,0.010489860115818794,4.392386530014652,809095632.0
2023-09-06,6.6,6.7,6.71,6.43,6871229.0,45831944.0,1.3615733736762392,0.08999999999999986,0.008492480651533168,4.2360060514372195,809095632.0
2023-09-07,6.72,6.7,6.78,6.65,4879797.0,33188526.0,0.0,0.0,0.006031174569485254,1.940298507462685,809095632.0
2023-09-08,6.7,6.68,6.77,6.61,4083800.0,27537113.0,-0.29850746268657025,-0.020000000000000462,0.00504736379543327,2.3880597014925264,809095632.0
2023-09-11,6.69,6.61,6.73,6.59,4755254.0,31833053.0,-1.0479041916167553,-0.0699999999999994,0.005877245917451696,2.0958083832335417,809095632.0
2023-09-12,6.6,6.61,6.64,6.55,2865554.0,19115515.0,0.0,0.0,0.0035416752812231223,1.3615733736762459,809095632.0
2023-09-13,6.59,6.55,6.64,6.5,3774029.0,25033238.0,-0.9077155824508409,-0.0600000000000005,0.004664502996600036,2.118003025718603,809095632.0
2023-09-14,6.57,6.5,6.57,6.47,3435345.0,22600495.0,-0.7633587786259555,-0.04999999999999982,0.004245907237823279,1.5267175572519165,809095632.0
2023-09-15,6.51,6.59,6.59,6.49,3910700.0,25831397.0,1.3846153846153841,0.08999999999999986,0.004833421224056243,1.538461538461533,809095632.0
2023-09-18,6.5,6.45,6.55,6.35,6708145.0,43553328.0,-2.124430955993928,-0.13999999999999968,0.00829091733373738,3.0349013657056174,809095632.0
2023-09-19,6.45,6.45,6.53,6.39,4477527.0,29238206.0,0.0,0.0,0.0055339898312539645,2.1705426356589235,809095632.0
2023-09-20,6.45,6.45,6.49,6.35,3616904.0,23537742.0,0.0,0.0,0.004470304691992207,2.1705426356589235,809095632.0
2023-09-21,6.49,6.46,6.53,6.39,2872400.0,18808435.0,0.15503875968991832,0.009999999999999787,0.0035501365801465603,2.1705426356589235,809095632.0
2023-09-22,6.46,6.52,6.55,6.42,3916801.0,25699796.0,0.9287925696594312,0.05999999999999961,0.004840961741837706,2.012383900928791,809095632.0
2023-09-25,6.52,6.38,6.52,6.33,4540473.0,29350949.0,-2.1472392638036797,-0.13999999999999968,0.005611787804089888,2.9141104294478453,809095632.0
2023-09-26,6.4,6.4,6.42,6.31,2509840.0,16180107.0,0.31347962382446415,0.020000000000000462,0.003102031330704304,1.724137931034488,809095632.0
2023-09-27,6.4,6.39,6.44,6.35,2409940.0,15600307.0,-0.15625000000001332,-0.010000000000000675,0.0029785601413307348,1.4062500000000115,809095632.0
2023-09-28,6.41,6.38,6.45,6.36,2522967.0,16300172.0,-0.15649452269169695,-0.009999999999999787,0.003118255618020689,1.4084507042253498,809095632.0
2023-10-09,6.34,6.27,6.38,6.19,6056100.0,38313893.0,-1.7241379310344862,-0.11000000000000032,0.007485023723376126,2.9780564263322806,809095632.0
2023-10-10,6.28,6.21,6.32,6.19,2126600.0,13399567.0,-0.9569377990430561,-0.05999999999999961,0.0026283666798982298,2.0733652312599666,809095632.0
2023-10-11,6.24,6.18,6.27,6.17,2960600.0,18581628.0,-0.48309178743961567,-0.03000000000000025,0.003659147179773676,1.6103059581320394,809095632.0
2023-10-12,6.2,6.23,6.25,6.17,2040001.0,12821296.0,0.8090614886731462,0.05000000000000071,0.0025213348327654795,1.294498381877024,809095632.0
2023-10-13,6.24,6.19,6.24,6.14,2106100.0,13172414.0,-0.6420545746388395,-0.040000000000000036,0.0026030297491458957,1.6051364365971192,809095632.0
2023-10-16,6.16,6.15,6.2,6.09,3557100.0,22110307.0,-0.646203554119551,-0.040000000000000036,0.004396390067274519,1.777059773828761,809095632.0
2023-10-17,6.13,6.11,6.16,6.04,2857900.0,17624640.0,-0.6504065040650375,-0.040000000000000036,0.00353221533644369,1.9512195121951237,809095632.0
2023-10-18,6.13,5.98,6.13,5.97,3498907.0,21318138.0,-2.127659574468088,-0.1299999999999999,0.004324466554529613,2.6186579378068764,809095632.0
2023-10-19,5.97,5.96,6.05,5.94,2874422.0,17411895.0,-0.33444816053512794,-0.020000000000000462,0.0035526356666822296,1.8394648829431341,809095632.0
2023-10-20,5.95,5.99,6.05,5.94,3500600.0,21259881.0,0.5033557046979942,0.03000000000000025,0.004326559014225404,1.8456375838926078,809095632.0
2023-10-23,5.99,5.89,6.01,5.82,3918100.0,23329669.0,-1.6694490818030094,-0.10000000000000053,0.004842567238083915,3.171953255425701,809095632.0
2023-10-24,5.89,6.01,6.03,5.89,4839101.0,29302981.0,2.037351443123936,0.1200000000000001,0.005980876436124426,2.3769100169779387,809095632.0
2023-10-25,6.06,6.1,6.18,6.06,3405921.0,21064700.0,1.4975041597337757,0.08999999999999986,0.004209540708532709,1.9966722129783712,809095632.0
2023-10-26,6.08,6.05,6.1,5.99,2872800.0,17527422.0,-0.8196721311475419,-0.04999999999999982,0.0035506309592831914,1.8032786885245808,809095632.0
2023-10-27,6.05,6.14,6.18,6.02,2739400.0,16958994.0,1.4876033057851235,0.08999999999999986,0.003385755517216783,2.644628099173556,809095632.0
2023-10-30,6.43,6.55,6.62,6.3,16930934.0,110750316.0,6.67752442996743,0.41000000000000014,0.020925751333187272,5.211726384364826,809095632.0
2023-10-31,6.56,6.57,6.62,6.42,8756950.0,57838544.0,0.3053435114503955,0.020000000000000462,0.010823133451300105,3.0534351145038197,809095632.0
2023-11-01,6.5,6.56,6.61,6.5,4031720.0,26726816.0,-0.15220700152207556,-0.010000000000000675,0.004982995631843925,1.674277016742775,809095632.0
2023-11-02,6.56,6.54,6.6,6.49,4702980.0,31117135.0,-0.304878048780477,-0.019999999999999574,0.005812637979981086,1.6768292682926744,809095632.0
2023-11-03,6.56,6.5,6.62,6.48,4026496.0,26602835.0,-0.6116207951070374,-0.040000000000000036,0.004976539040319526,2.1406727828746126,809095632.0
2023-11-06,6.52,6.46,6.54,6.4,5568500.0,36386719.0,-0.6153846153846176,-0.040000000000000036,0.006882375555823048,2.153846153846149,809095632.0
2023-11-07,6.45,6.43,6.5,6.38,5245800.0,34110427.0,-0.4643962848297267,-0.03000000000000025,0.006483535187346062,1.8575851393188871,809095632.0
2023-11-08,6.44,6.43,6.49,6.39,3129660.0,20383841.0,0.0,0.0,0.00386809652187073,1.5552099533437098,809095632.0
2023-11-09,6.43,6.45,6.52,6.39,5455393.0,35656745.0,0.3110419906687367,0.020000000000000462,0.006742581203305767,2.02177293934681,809095632.0
2023-11-10,6.42,6.44,6.45,6.33,3211400.0,20740461.0,-0.15503875968991832,-0.009999999999999787,0.0039691228984412566,1.8604651162790715,809095632.0
2023-11-13,6.44,6.44,6.47,6.37,3009800.0,19544194.0,0.0,0.0,0.0037199558135792778,1.5527950310558951,809095632.0
2023-11-14,6.45,6.54,6.54,6.41,3774200.0,24860252.0,1.552795031055898,0.09999999999999964,0.004664714343680946,2.018633540372669,809095632.0
2023-11-15,6.56,6.44,6.59,6.44,2914201.0,19123761.0,-1.5290519877675823,-0.09999999999999964,0.003601800435872332,2.293577981651368,809095632.0
2023-11-16,6.44,6.46,6.52,6.38,3625900.0,23678039.0,0.31055900621117516,0.019999999999999574,0.004481423278775036,2.1739130434782554,809095632.0
2023-11-17,6.46,6.46,6.49,6.41,2865200.0,18692284.0,0.0,0.0,0.0035412377556872042,1.2383900928792582,809095632.0
2023-11-20,6.49,6.48,6.56,6.46,3721400.0,24446688.0,0.3095975232198178,0.020000000000000462,0.004599456297645666,1.5479876160990658,809095632.0
2023-11-21,6.49,6.58,6.65,6.49,5629200.0,37515466.0,1.5432098765431945,0.09999999999999964,0.006957397589806788,2.469135802469138,809095632.0
2023-11-22,6.59,6.55,6.71,6.55,5874990.0,39386469.0,-0.455927051671734,-0.03000000000000025,0.0072611812097880665,2.4316109422492422,809095632.0
2023-11-23,6.55,6.68,6.69,6.5,5188800.0,34751933.0,1.984732824427482,0.1299999999999999,0.006413086160376157,2.900763358778632,809095632.0
2023-11-24,6.68,6.69,6.79,6.66,5531507.0,37548496.0,0.14970059880241582,0.010000000000000675,0.0068366541373195795,1.946107784431136,809095632.0
2023-11-27,6.69,6.52,6.69,6.51,5617900.0,37274681.0,-2.5411061285500858,-0.17000000000000082,0.0069434313791969645,2.6905829596412643,809095632.0
2023-11-28,6.51,6.51,6.56,6.48,3464369.0,22840976.0,-0.15337423312883347,-0.009999999999999787,0.0042817793879772175,1.2269938650306624,809095632.0
2023-11-29,6.5,6.4,6.55,6.39,3755100.0,24530373.0,-1.6897081413210335,-0.10999999999999943,0.00464110773990682,2.4577572964669763,809095632.0
2023-11-30,6.43,6.45,6.48,6.38,3401210.0,22115611.0,0.78125,0.04999999999999982,0.0042037181582510385,1.5625000000000084,809095632.0
2023-12-01,6.44,6.54,6.58,6.43,3261205.0,21510720.0,1.3953488372093092,0.08999999999999986,0.004030679280691013,2.3255813953488427,809095632.0
2023-12-04,6.56,6.47,6.6,6.42,3530257.0,23097475.0,-1.0703363914373099,-0.07000000000000028,0.004363213519363061,2.752293577981647,809095632.0
2023-12-05,6.46,6.42,6.5,6.42,2957000.0,19336923.0,-0.7727975270479082,-0.04999999999999982,0.0036546977675439977,1.2364760432766626,809095632.0
2023-12-06,6.41,6.48,6.53,6.37,4789100.0,31258653.0,0.9345794392523477,0.0600000000000005,0.005919077808097721,2.492211838006233,809095632.0
2023-12-07,6.47,6.54,6.57,6.43,4508704.0,29650346.0,0.92592592592593,0.05999999999999961,0.005572522977110819,2.1604938271605025,809095632.0
2023-12-08,6.55,6.31,6.56,6.31,6257100.0,40415425.0,-3.5168195718654482,-0.23000000000000043,0.007733449239533158,3.82262996941896,809095632.0
2023-12-11,6.29,6.29,6.32,6.18,5310354.0,33590417.0,-0.31695721077653616,-0.019999999999999574,0.006563320564311241,2.218700475435825,809095632.0
2023-12-12,6.29,6.47,6.47,6.29,4943930.0,31935529.0,2.861685214626397,0.17999999999999972,0.00611043961240913,2.861685214626387,809095632.0
2023-12-13,6.47,6.46,6.52,6.43,3288210.0,21541851.0,-0.1545595054095794,-0.009999999999999787,0.004064056052152806,1.391035548686242,809095632.0
2023-12-14,6.49,6.51,6.56,6.45,2699400.0,17776973.0,0.7739938080495223,0.04999999999999982,0.0033363176035536924,1.7027863777089696,809095632.0
2023-12-15,6.54,6.51,6.6,6.5,3735100.0,24736595.0,0.0,0.0,0.004616388783075275,1.5360983102918533,809095632.0
2023-12-18,6.48,6.44,6.61,6.43,3854480.0,25354296.0,-1.075268817204289,-0.0699999999999994,0.00476393623640277,2.764976958525355,809095632.0
2023-12-19,6.45,6.36,6.48,6.31,3421600.0,22061117.0,-1.2422360248447228,-0.08000000000000007,0.0042289191347407995,2.6397515527950435,809095632.0
2023-12-20,6.36,6.3,6.46,6.3,3427072.0,22075970.0,-0.9433962264151052,-0.0600000000000005,0.00423568224132991,2.5157232704402537,809095632.0
2023-12-21,6.29,6.33,6.37,6.23,2569300.0,16361291.0,0.4761904761904745,0.03000000000000025,0.003175520789364489,2.222222222222217,809095632.0
2023-12-22,6.35,6.27,6.36,6.24,3737500.0,23782036.0,-0.9478672985782088,-0.0600000000000005,0.00461935505789506,1.8957345971563997,809095632.0
2023-12-25,6.23,6.18,6.28,6.13,4479676.0,28067522.0,-1.4354066985645897,-0.08999999999999986,0.0055366458831655144,2.3923444976076613,809095632.0
2023-12-26,6.23,6.11,6.23,6.06,3102180.0,19273120.0,-1.132686084142387,-0.0699999999999994,0.0038341326751841864,2.7508090614886864,809095632.0
2023-12-27,6.14,6.14,6.18,6.09,2335000.0,14470405.0,0.49099836333876823,0.02999999999999936,0.0028859382100829335,1.4729950900163642,809095632.0
2023-12-28,6.15,6.24,6.27,6.08,2668200.0,16718767.0,1.6286644951140072,0.10000000000000053,0.0032977560308964813,3.0944625407166044,809095632.0
2023-12-29,6.26,6.22,6.3,6.19,3426200.0,21573007.0,-0.3205128205128305,-0.020000000000000462,0.0042346044948120545,1.762820512820504,809095632.0
2024-01-02,6.23,6.2,6.24,6.16,2634200.0,16514898.0,-0.3215434083601254,-0.019999999999999574,0.003255733804282854,1.2861736334405156,809095632.0
2024-01-03,6.18,6.22,6.28,6.16,3474400.0,21871487.0,0.3225806451612856,0.019999999999999574,0.004294177180776079,1.9354838709677438,809095632.0
2024-01-04,6.2,6.23,6.24,6.15,2067000.0,12935421.0,0.1607717041800738,0.010000000000000675,0.0025547041885402243,1.4469453376205765,809095632.0
2024-01-05,6.22,6.21,6.28,6.18,3288100.0,20720225.0,-0.32102728731943087,-0.020000000000000462,0.004063920097890233,1.6051364365971192,809095632.0
2024-01-08,6.21,6.09,6.22,6.08,3428785.0,21314269.0,-1.9323671497584516,-0.1200000000000001,0.004237799419982532,2.254428341384858,809095632.0
2024-01-09,6.12,6.11,6.19,6.04,3544742.0,21965572.0,0.3284072249589487,0.020000000000000462,0.004381116223848308,2.463054187192124,809095632.0
2024-01-10,6.15,6.12,6.17,6.07,2698000.0,16684531.0,0.16366612111291534,0.009999999999999787,0.003334587276575484,1.6366612111292904,809095632.0
2024-01-11,6.12,6.1,6.14,6.07,2542600.0,15700436.0,-0.326797385620925,-0.020000000000000462,0.0031425209819943758,1.1437908496731926,809095632.0
2024-01-12,6.12,6.16,6.24,6.12,3662900.0,22899764.0,0.9836065573770592,0.0600000000000005,0.0045271533489133955,1.9672131147541003,809095632.0
2024-01-15,6.15,6.25,6.27,6.08,4447605.0,27837077.0,1.4610389610389518,0.08999999999999986,0.00549700779993829,3.0844155844155763,809095632.0
2024-01-16,6.27,6.15,6.35,6.1,4599301.0,28804905.0,-1.5999999999999903,-0.09999999999999964,0.005684496143714196,4.0,809095632.0
2024-01-17,6.15,6.03,6.18,5.94,3651097.0,22575680.0,-1.9512195121951237,-0.1200000000000001,0.004512565456539258,3.9024390243902327,809095632.0
2024-01-18,6.03,5.89,6.03,5.75,6528264.0,38658636.0,-2.321724709784423,-0.14000000000000057,0.008068593800046618,4.643449419568826,809095632.0
2024-01-19,5.91,5.87,5.97,5.82,4586364.0,27308301.0,-0.3395585738539819,-0.019999999999999574,0.005668506686487711,2.5466893039049148,809095632.0
2024-01-22,5.88,5.53,5.88,5.46,5693300.0,32793946.0,-5.7921635434412195,-0.33999999999999986,0.007036621846451891,7.15502555366269,809095632.0
2024-01-23,5.54,5.51,5.55,5.35,6300400.0,34743966.0,-0.3616636528029016,-0.020000000000000462,0.007786965781073454,3.616636528028936,809095632.0
2024-01-24,5.54,5.72,5.73,5.47,7904500.0,44859688.0,3.8112522686025496,0.20999999999999996,0.009769549713747558,4.718693284936491,809095632.0
2024-01-25,5.77,6.09,6.11,5.73,6761519.0,40648377.0,6.46853146853148,0.3700000000000001,0.008356884813833725,6.6433566433566416,809095632.0
2024-01-26,6.15,6.31,6.36,6.11,6298804.0,39998837.0,3.6124794745484357,0.21999999999999975,0.007784993208318297,4.105090311986864,809095632.0
2024-01-29,6.43,6.2,6.44,6.17,6636200.0,42282648.0,-1.7432646592709933,-0.10999999999999943,0.008201997066275103,4.278922345483367,809095632.0
2024-01-30,6.18,5.9,6.22,5.85,5919400.0,36055073.0,-4.8387096774193505,-0.2999999999999998,0.007316069653432513,5.967741935483872,809095632.0
2024-01-31,5.94,5.55,5.96,5.52,7188713.0,41228852.0,-5.932203389830515,-0.35000000000000053,0.008884874316068487,7.457627118644074,809095632.0
2024-02-01,5.52,5.29,5.52,5.2,7253852.0,39121810.0,-4.684684684684681,-0.2599999999999998,0.008965382722520988,5.765765765765755,809095632.0
2024-02-02,5.32,5.11,5.54,4.97,8072205.0,42955872.0,-3.402646502835538,-0.17999999999999972,0.009976824346519276,10.775047258979212,809095632.0
2024-02-05,5.08,4.6,5.08,4.6,11742593.0,55519154.0,-9.98043052837575,-0.5100000000000007,0.014513232472870402,9.393346379647758,809095632.0
2024-02-06,4.65,4.41,4.65,4.15,12885291.0,55695644.0,-4.130434782608683,-0.1899999999999995,0.015925547599545068,10.869565217391305,809095632.0
2024-02-07,4.39,3.99,4.43,3.97,15268581.0,64007052.0,-9.523809523809524,-0.41999999999999993,0.01887116973089777,10.430839002267563,809095632.0
2024-02-08,4.05,4.35,4.38,3.89,16478939.0,68386533.0,9.022556390977421,0.35999999999999943,0.020367109088533553,12.280701754385959,809095632.0
2024-02-19,4.35,4.72,4.75,4.35,16024842.0,74815940.0,8.505747126436791,0.3700000000000001,0.01980586888151684,9.195402298850585,809095632.0
2024-02-20,4.7,4.89,4.92,4.6,8527515.0,41222711.0,3.601694915254239,0.16999999999999993,0.010539563758267824,6.779661016949159,809095632.0
2024-02-21,4.86,4.98,5.12,4.77,7724450.0,39050935.0,1.8404907975460238,0.09000000000000075,0.00954701730487157,7.157464212678947,809095632.0
2024-02-22,4.93,4.98,5.04,4.88,5119289.0,25671316.0,0.0,0.0,0.006327174189960279,3.2128514056224926,809095632.0
2024-02-23,4.99,5.05,5.08,4.99,6079590.0,30938004.0,1.4056224899598346,0.0699999999999994,0.007514056138174776,1.8072289156626478,809095632.0
2024-02-26,5.09,5.17,5.27,4.99,6815600.0,35405554.0,2.3762376237623783,0.1200000000000001,0.008423726109054066,5.544554455445532,809095632.0
2024-02-27,5.14,5.28,5.29,5.12,4451750.0,23558249.0,2.1276595744680993,0.11000000000000032,0.005502130803741627,3.2882011605415844,809095632.0
2024-02-28,5.3,4.92,5.39,4.91,8751005.0,45398645.0,-6.818181818181824,-0.3600000000000003,0.010815785741381928,9.090909090909081,809095632.0
2024-02-29,4.85,5.13,5.17,4.83,8477540.0,43009532.0,4.268292682926833,0.20999999999999996,0.010477797264885,6.910569105691054,809095632.0
2024-03-01,5.17,5.09,5.2,5.03,5202501.0,26718400.0,-0.7797270955165692,-0.040000000000000036,0.006430019881753607,3.3138401559454174,809095632.0
2024-03-04,5.09,5.01,5.1,4.9,6221625.0,31171436.0,-1.5717092337917515,-0.08000000000000007,0.007689603989853204,3.9292730844793575,809095632.0
2024-03-05,4.98,4.95,5.01,4.91,3864700.0,19311901.0,-1.197604790419149,-0.05999999999999961,0.004776567623343689,1.9960079840319291,809095632.0
2024-03-06,4.93,4.99,5.02,4.92,4677251.0,23576690.0,0.8080808080808133,0.040000000000000036,0.005780838277965144,2.0202020202020132,809095632.0
2024-03-07,4.99,4.96,5.04,4.95,3680600.0,18561755.0,-0.6012024048096198,-0.03000000000000025,0.004549029625709313,1.8036072144288546,809095632.0
2024-03-08,4.95,4.99,5.02,4.91,2777786.0,13903064.0,0.6048387096774244,0.03000000000000025,0.0034331986110635684,2.2177419354838595,809095632.0
2024-03-11,4.96,4.99,5.01,4.94,5025110.0,25281763.0,0.0,0.0,0.006210773858188373,1.4028056112224327,809095632.0
2024-03-12,4.99,5.11,5.16,4.92,7781848.0,39623482.0,2.4048096192384794,0.1200000000000001,0.009617958239082423,4.809619238476958,809095632.0
2024-03-13,5.1,5.02,5.11,4.96,5113200.0,25875151.0,-1.7612524461839696,-0.09000000000000075,0.006319648503552915,2.9354207436399284,809095632.0
2024-03-14,5.03,5.05,5.05,4.97,3855338.0,19570250.0,0.5976095617529875,0.03000000000000025,0.004764996679650842,1.5936254980079698,809095632.0
2024-03-15,5.02,5.13,5.13,4.99,4062317.0,20829845.0,1.5841584158415856,0.08000000000000007,0.005020811927952665,2.772277227722766,809095632.0
2024-03-18,5.1,5.08,5.14,5.02,5677240.0,29054776.0,-0.9746588693957059,-0.04999999999999982,0.00701677252411616,2.3391812865497097,809095632.0
2024-03-19,5.09,5.08,5.11,5.05,3405201.0,17481768.0,0.0,0.0,0.004208650826086773,1.181102362204734,809095632.0
2024-03-20,5.08,5.13,5.13,5.04,3148702.0,16217389.0,0.9842519685039353,0.04999999999999982,0.0038916314406700443,1.771653543307084,809095632.0
2024-03-21,5.13,5.22,5.24,5.12,4307534.0,22593471.0,1.7543859649122862,0.08999999999999986,0.0053238873498207195,2.3391812865497097,809095632.0
2024-03-22,5.22,5.15,5.23,5.06,4659506.0,24232905.0,-1.3409961685823646,-0.0699999999999994,0.005758906383516355,3.2567049808429274,809095632.0
2024-03-25,5.13,5.13,5.26,5.06,4135540.0,21622349.0,-0.3883495145631133,-0.020000000000000462,0.005111311736756477,3.883495145631071,809095632.0
2024-03-26,5.12,5.22,5.26,5.1,4799815.0,25171492.0,1.7543859649122862,0.08999999999999986,0.005932320989220221,3.1189083820662797,809095632.0
2024-03-27,5.21,5.05,5.22,5.05,3611200.0,18757998.0,-3.256704980842906,-0.16999999999999993,0.00446325484550385,3.256704980842911,809095632.0
2024-03-28,5.07,5.06,5.16,5.05,3586101.0,18533958.0,0.1980198019801982,0.009999999999999787,0.004432233790628102,2.1782178217821846,809095632.0
2024-03-29,5.07,5.16,5.16,5.06,3230401.0,16773023.0,1.976284584980248,0.10000000000000053,0.003992607143379066,1.976284584980248,809095632.0
2024-04-01,5.17,5.26,5.27,5.15,4238002.0,22376613.0,1.9379844961240345,0.09999999999999964,0.005237949424500168,2.325581395348822,809095632.0
2024-04-02,5.24,5.35,5.37,5.24,4100978.0,22016842.0,1.7110266159695797,0.08999999999999986,0.005068594907455884,2.4714828897338386,809095632.0
2024-04-03,5.35,5.28,5.35,5.24,3055600.0,16322431.0,-1.3084112149532645,-0.0699999999999994,0.003776562224723517,2.0560747663551298,809095632.0
2024-04-08,5.26,5.16,5.32,5.15,3571900.0,18875748.0,-2.2727272727272707,-0.1200000000000001,0.004414682095329863,3.2196969696969684,809095632.0
2024-04-09,5.21,5.27,5.27,5.18,2512350.0,13293957.0,2.1317829457364157,0.10999999999999943,0.003105133559786663,1.744186046511625,809095632.0
2024-04-10,5.27,5.15,5.29,5.1,3378800.0,17677384.0,-2.2770398481973264,-0.11999999999999922,0.004176020567121292,3.6053130929791353,809095632.0
2024-04-11,5.12,5.15,5.23,5.06,2863797.0,14982015.0,0.0,0.0,0.0035395037208654713,3.300970873786423,809095632.0
2024-04-12,5.19,5.07,5.21,5.06,3122610.0,16171266.0,-1.553398058252431,-0.08000000000000007,0.00385938308958761,2.9126213592233077,809095632.0
2024-04-15,5.08,4.95,5.11,4.79,6067829.0,30284768.0,-2.3668639053254448,-0.1200000000000001,0.007499520155609986,6.311637080867856,809095632.0
2024-04-16,4.98,4.61,4.98,4.6,6909266.0,32851173.0,-6.8686868686868685,-0.33999999999999986,0.008539492399583242,7.6767676767676924,809095632.0
2024-04-17,4.57,4.92,4.94,4.55,6166236.0,30100849.0,6.724511930585675,0.3099999999999996,0.007621146074856081,8.459869848156194,809095632.0
2024-04-18,4.92,4.86,4.96,4.86,3945500.0,19556408.0,-1.2195121951219412,-0.05999999999999961,0.004876432208943133,2.0325203252032447,809095632.0
2024-04-19,4.88,4.9,4.99,4.81,3648300.0,18025062.0,0.8230452674897082,0.040000000000000036,0.004509108510426367,3.703703703703716,809095632.0
2024-04-22,4.86,4.9,4.94,4.81,3425886.0,16863495.0,0.0,0.0,0.004234216407189799,2.6530612244898117,809095632.0
2024-04-23,4.89,5.04,5.07,4.87,3644999.0,18341478.0,2.857142857142847,0.13999999999999968,0.0045050286466013206,4.081632653061227,809095632.0
2024-04-24,5.4,5.3,5.45,5.17,6832950.0,36485675.0,5.158730158730163,0.2599999999999998,0.00844516980410543,5.55555555555556,809095632.0
2024-04-25,5.27,5.19,5.28,5.14,3897578.0,20383910.0,-2.075471698113196,-0.10999999999999943,0.004817203116479067,2.641509433962275,809095632.0
2024-04-26,5.19,5.24,5.28,5.12,4023500.0,21031384.0,0.963391136801528,0.04999999999999982,0.00497283614058616,3.082851637764935,809095632.0
2024-04-29,5.32,5.64,5.64,5.28,7265639.0,40126570.0,7.6335877862595325,0.39999999999999947,0.00897995083972966,6.8702290076335775,809095632.0
2024-04-30,5.53,5.44,5.58,5.39,6957582.0,38180153.0,-3.5460992907801248,-0.1999999999999993,0.00859920845549689,3.3687943262411415,809095632.0
2024-05-06,5.53,5.31,5.61,5.26,7628901.0,41436212.0,-2.389705882352955,-0.13000000000000078,0.009428923724556703,6.433823529411773,809095632.0
2024-05-07,5.32,5.36,5.39,5.23,4582365.0,24427030.0,0.9416195856873921,0.05000000000000071,0.005663564131069243,3.0131826741996095,809095632.0
2024-05-08,5.28,5.25,5.32,5.2,2955100.0,15614698.0,-2.0522388059701524,-0.11000000000000032,0.003652349466645001,2.2388059701492558,809095632.0
2024-05-09,5.22,5.36,5.41,5.22,4521707.0,24296980.0,2.0952380952381056,0.11000000000000032,0.005588594006894849,3.6190476190476266,809095632.0
2024-05-10,5.36,5.55,5.55,5.34,5940761.0,32638172.0,3.5447761194029814,0.1899999999999995,0.007342470735276445,3.917910447761193,809095632.0
2024-05-13,5.47,5.5,5.57,5.37,3900500.0,21513938.0,-0.9009009009009028,-0.04999999999999982,0.004820814556072155,3.603603603603607,809095632.0
2024-05-14,5.49,5.46,5.56,5.41,2760000.0,15195196.0,-0.727272727272732,-0.040000000000000036,0.0034112160427532748,2.7272727272727173,809095632.0
2024-05-15,5.48,5.57,5.63,5.44,4216100.0,23639079.0,2.0146520146520297,0.11000000000000032,0.005210879694873943,3.479853479853471,809095632.0
2024-05-16,5.59,5.79,5.85,5.59,6922500.0,40088470.0,3.949730700179521,0.21999999999999975,0.008555848933318675,4.667863554757626,809095632.0
2024-05-17,5.87,6.06,6.09,5.75,9997300.0,59319982.0,4.663212435233155,0.2699999999999996,0.012356141356600476,5.872193436960274,809095632.0
2024-05-20,5.97,5.88,6.01,5.82,8474400.0,50199039.0,-2.970297029702962,-0.17999999999999972,0.010473916388662447,3.1353135313531273,809095632.0
2024-05-21,5.85,5.91,5.98,5.85,4186600.0,24928188.0,0.5102040816326481,0.03000000000000025,0.005174419233547414,2.21088435374151,809095632.0
2024-05-22,5.92,5.92,6.06,5.89,4647500.0,27959454.0,0.16920473773265332,0.009999999999999787,0.0057440675937303785,2.8764805414551597,809095632.0
2024-05-23,5.89,5.84,5.99,5.81,6783200.0,40204388.0,-1.3513513513513487,-0.08000000000000007,0.008383681398986962,3.0405405405405506,809095632.0
2024-05-24,6.08,6.01,6.41,5.88,14863440.0,92358739.0,2.910958904109595,0.16999999999999993,0.01837043658641331,9.07534246575343,809095632.0
2024-05-27,6.04,6.62,6.62,5.97,11811300.0,75889345.0,10.14975041597339,0.6100000000000003,0.01459815074122165,10.815307820299507,809095632.0
2024-05-28,6.84,6.37,6.84,6.29,17979577.0,117944903.0,-3.776435045317217,-0.25,0.022221819385622392,8.308157099697883,809095632.0
2024-05-29,6.34,7.01,7.01,6.29,12154726.0,83020977.0,10.047095761381474,0.6399999999999997,0.015022607364663168,11.302982731554156,809095632.0
2024-05-30,7.01,6.92,7.41,6.76,22056028.0,156236261.0,-1.2838801711840153,-0.08999999999999986,0.02726010020036791,9.272467902995727,809095632.0
2024-05-31,6.87,6.67,6.97,6.6,13561310.0,91451978.0,-3.6127167630057855,-0.25,0.016761071823460295,5.346820809248556,809095632.0
2024-06-03,6.6,6.51,6.66,6.37,8970327.0,58383445.0,-2.398800599700157,-0.16000000000000014,0.01108685629389234,4.347826086956522,809095632.0
2024-06-04,6.36,6.53,6.58,6.22,8543300.0,55469514.0,0.3072196620583778,0.020000000000000462,0.010559073194947121,5.529953917050697,809095632.0
2024-06-05,6.46,6.33,6.46,6.23,6227900.0,39750981.0,-3.0627871362940318,-0.20000000000000018,0.007697359562559102,3.5222052067381244,809095632.0
2024-06-06,6.33,6.2,6.54,6.16,6602277.0,42012098.0,-2.0537124802527673,-0.1299999999999999,0.008160070007645277,6.003159557661926,809095632.0
2024-06-07,6.19,6.2,6.33,6.13,4715834.0,29581458.0,0.0,0.0,0.00582852485353672,3.2258064516129057,809095632.0
2024-06-11,6.16,6.2,6.28,6.09,3563530.0,22251441.0,0.0,0.0,0.0044043372118958615,3.0645161290322642,809095632.0
2024-06-12,6.21,6.25,6.37,6.18,4899516.0,30960838.0,0.8064516129032251,0.04999999999999982,0.006055546224973317,3.0645161290322642,809095632.0
2024-06-13,6.32,6.12,6.32,6.1,4163890.0,25755101.0,-2.079999999999993,-0.1299999999999999,0.005146350858065194,3.52000000000001,809095632.0
2024-06-14,6.12,6.19,6.25,6.06,3844673.0,23876663.0,1.1437908496731986,0.07000000000000028,0.004751815295920421,3.104575163398699,809095632.0
2024-06-17,6.16,6.04,6.21,6.01,5107900.0,31301017.0,-2.4232633279483107,-0.15000000000000036,0.006313097979992555,3.231017770597741,809095632.0
2024-06-18,6.04,5.93,6.1,5.91,4011100.0,24113406.0,-1.8211920529801362,-0.11000000000000032,0.004957510387350602,3.1456953642384025,809095632.0
2024-06-19,5.93,5.88,5.95,5.85,4090000.0,24218943.0,-0.8431703204047181,-0.04999999999999982,0.005055026672051049,1.6863406408094523,809095632.0
2024-06-20,5.87,5.7,5.89,5.64,4530700.0,26074369.0,-3.0612244897959107,-0.17999999999999972,0.0055997088858341535,4.2517006802721085,809095632.0
2024-06-21,5.7,5.63,5.72,5.61,3256500.0,18514892.0,-1.2280701754386003,-0.07000000000000028,0.0040248641460963915,1.9298245614034988,809095632.0
2024-06-24,5.53,5.32,5.6,5.29,5034200.0,27205917.0,-5.506216696269972,-0.3099999999999996,0.00622200862406831,5.506216696269975,809095632.0
2024-06-25,5.35,5.86,5.86,5.29,8647500.0,48904615.0,10.15037593984962,0.54,0.010687858960039473,10.714285714285719,809095632.0
2024-06-26,5.86,5.97,6.2,5.82,18427700.0,111591386.0,1.8771331058020424,0.10999999999999943,0.022775676040233523,6.484641638225254,809095632.0
2024-06-27,6.05,5.85,6.13,5.85,8180613.0,49028847.0,-2.010050251256279,-0.1200000000000001,0.010110810980128985,4.690117252931328,809095632.0
2024-06-28,5.77,6.12,6.23,5.77,9504500.0,57948670.0,4.615384615384621,0.27000000000000046,0.011747066260271196,7.863247863247878,809095632.0
2024-07-01,6.17,6.34,6.41,6.12,9606800.0,61074560.0,3.5947712418300526,0.21999999999999975,0.011873503724464551,4.738562091503269,809095632.0
2024-07-02,6.22,6.6,6.8,6.18,12872933.0,84028994.0,4.100946372239744,0.2599999999999998,0.015910273756118858,9.779179810725553,809095632.0
2024-07-03,6.52,5.94,6.59,5.94,23358208.0,145460556.0,-9.999999999999986,-0.6599999999999993,0.028869526760713003,9.84848484848484,809095632.0
2024-07-04,5.78,6.01,6.03,5.68,14324701.0,85594573.0,1.1784511784511675,0.0699999999999994,0.017704583282189813,5.892255892255901,809095632.0
2024-07-05,5.97,5.78,6.01,5.7,10394001.0,60954336.0,-3.8269550748752046,-0.22999999999999954,0.012846443101302023,5.158069883527448,809095632.0
2024-07-08,6.2,6.35,6.35,6.14,8612702.0,54276326.0,9.861591695501716,0.5699999999999994,0.010644850447048267,3.633217993079584,809095632.0
2024-07-09,6.35,6.25,6.39,6.15,15530173.0,97297033.0,-1.5748031496062964,-0.09999999999999964,0.01919448379867165,3.779527559055108,809095632.0
2024-07-10,6.25,6.24,6.26,6.19,8617493.0,54068092.0,-0.15999999999999348,-0.009999999999999787,0.010650771873157263,1.1199999999999903,809095632.0
2024-07-11,6.25,6.21,6.29,6.18,8989594.0,56205770.0,-0.48076923076924016,-0.03000000000000025,0.011110669300956008,1.762820512820518,809095632.0
2024-07-12,6.21,6.22,6.36,6.2,13617798.0,85913685.0,0.16103059581320522,0.009999999999999787,0.01683088804513531,2.5764895330112747,809095632.0
2024-07-15,6.21,6.2,6.28,6.2,8354401.0,52304046.0,-0.3215434083601254,-0.019999999999999574,0.010325603883621016,1.2861736334405156,809095632.0
2024-07-16,6.23,6.21,6.25,6.2,5357694.0,33510387.0,0.1612903225806317,0.009999999999999787,0.006621830335131509,0.8064516129032229,809095632.0
2024-07-17,6.22,6.2,6.24,6.2,7998200.0,50060763.0,-0.16103059581320522,-0.009999999999999787,0.009885358026503348,0.6441223832528187,809095632.0
2024-07-18,6.21,6.2,6.21,6.19,8866180.0,55284286.0,0.0,0.0,0.01095813603403559,0.32258064516128343,809095632.0
2024-07-19,6.2,6.18,6.2,6.18,6650000.0,41380241.0,-0.3225806451612967,-0.020000000000000462,0.008219053146488868,0.3225806451612978,809095632.0
2024-07-22,6.18,6.2,6.2,6.17,8856700.0,55084309.0,0.3236245954692629,0.020000000000000462,0.010946419248497439,0.48543689320388755,809095632.0
2024-07-23,6.2,6.18,6.21,6.18,7742180.0,48258435.0,-0.3225806451612967,-0.020000000000000462,0.009568930660102736,0.4838709677419395,809095632.0
2024-07-24,6.19,6.17,6.19,6.17,8443514.0,52481398.0,-0.16181229773462036,-0.009999999999999787,0.010435742903627492,0.32362459546926314,809095632.0
2024-07-25,6.17,6.18,6.19,6.16,7654378.0,47603018.0,0.16207455429497752,0.009999999999999787,0.009460411967716569,0.4862236628849311,809095632.0
2024-07-26,6.18,6.18,6.19,6.17,3982100.0,24764778.0,0.0,0.0,0.004921667899944861,0.32362459546926314,809095632.0
2024-07-29,6.18,6.17,6.19,6.17,4778300.0,29694617.0,-0.16181229773462036,-0.009999999999999787,0.005905729571408686,0.32362459546926314,809095632.0
2024-07-30,6.17,6.19,6.2,6.17,7828853.0,48731193.0,0.32414910858995505,0.020000000000000462,0.009676053967375763,0.4862236628849311,809095632.0
2024-07-31,6.18,6.18,6.2,6.18,5698900.0,35489691.0,-0.1615508885298933,-0.010000000000000675,0.007043543154364724,0.32310177705978127,809095632.0
2024-08-01,6.19,6.2,6.21,6.18,5775700.0,35993776.0,0.3236245954692629,0.020000000000000462,0.0071384639485978585,0.48543689320388755,809095632.0
2024-08-02,6.2,6.19,6.25,6.19,6666817.0,41689040.0,-0.1612903225806428,-0.009999999999999787,0.008239838081340673,0.9677419354838646,809095632.0
2024-08-05,6.2,6.18,6.27,6.17,10895110.0,67871817.0,-0.1615508885298933,-0.010000000000000675,0.013465787688246968,1.6155088852988633,809095632.0
2024-08-06,6.2,6.19,6.2,6.17,7080402.0,43877230.0,0.16181229773464256,0.010000000000000675,0.008751007569399411,0.48543689320388755,809095632.0
2024-08-07,6.2,6.18,6.2,6.18,4562800.0,28265647.0,-0.1615508885298933,-0.010000000000000675,0.005639382811548784,0.32310177705978127,809095632.0
2024-08-08,6.19,6.19,6.21,6.18,9683623.0,60088594.0,0.16181229773464256,0.010000000000000675,0.011968452945498042,0.48543689320388755,809095632.0
2024-08-09,6.19,6.22,6.24,6.18,10444513.0,65033913.0,0.4846526655896577,0.02999999999999936,0.012908873298675775,0.9693053311793295,809095632.0
2024-08-12,6.22,6.19,6.25,6.18,8426401.0,52275264.0,-0.4823151125401881,-0.02999999999999936,0.01041459212821458,1.1254019292604547,809095632.0
2024-08-13,6.2,6.21,6.21,6.18,7069000.0,43878265.0,0.3231017770597644,0.019999999999999574,0.008736915292109746,0.48465266558966474,809095632.0
2024-08-14,6.21,6.19,6.23,6.18,7515000.0,46648765.0,-0.32206119162639935,-0.019999999999999574,0.00928814802945321,0.8051529790660339,809095632.0
2024-08-15,6.19,6.18,6.2,6.18,4698600.0,29111790.0,-0.1615508885298933,-0.010000000000000675,0.005807224528434978,0.32310177705978127,809095632.0
2024-08-16,6.19,6.19,6.2,6.18,5296168.0,32826085.0,0.16181229773464256,0.010000000000000675,0.0065457874082306255,0.32362459546926314,809095632.0
2024-08-19,6.19,6.18,6.2,6.18,5063200.0,31359343.0,-0.1615508885298933,-0.010000000000000675,0.006257851111474051,0.32310177705978127,809095632.0
2024-08-20,6.19,6.18,6.19,6.18,9089400.0,56277432.0,0.0,0.0,0.01123402431123247,0.16181229773463876,809095632.0
2024-08-21,6.18,6.18,6.19,6.18,3735700.0,23132199.0,0.0,0.0,0.004617130351780221,0.16181229773463876,809095632.0
2024-08-22,6.18,6.18,6.19,6.18,7314600.0,45324870.0,0.0,0.0,0.009040464082001124,0.16181229773463876,809095632.0
2024-08-23,6.18,6.18,6.19,6.17,8501800.0,52615558.0,0.0,0.0,0.010507781359521663,0.32362459546926314,809095632.0
2024-08-26,6.17,6.17,6.18,6.17,6278372.0,38823347.0,-0.16181229773462036,-0.009999999999999787,0.00775974032201919,0.16181229773462438,809095632.0
2024-08-27,6.17,6.18,6.18,6.17,4061800.0,25112203.0,0.16207455429497752,0.009999999999999787,0.0050201729429185694,0.16207455429497222,809095632.0
2024-08-28,6.17,6.16,6.18,6.16,12920497.0,79781574.0,-0.3236245954692518,-0.019999999999999574,0.015969060379255638,0.32362459546924877,809095632.0
2024-08-29,6.16,6.16,6.17,6.16,7685271.0,47431407.0,0.0,0.0,0.009498594104386415,0.16233766233765887,809095632.0
2024-08-30,6.16,6.16,6.17,6.16,11510702.0,71076133.0,0.0,0.0,0.014226627291939206,0.16233766233765887,809095632.0
2024-09-02,6.16,6.16,6.17,6.16,6672197.0,41186430.0,0.0,0.0,0.00824648748072836,0.16233766233765887,809095632.0
2024-09-03,6.16,6.17,6.17,6.16,7670871.0,47373482.0,0.16233766233766378,0.009999999999999787,0.009480796455467701,0.16233766233765887,809095632.0
2024-09-04,6.16,6.16,6.17,6.16,5706975.0,35223918.0,-0.16207455429497752,-0.009999999999999787,0.0070535234331854605,0.16207455429497222,809095632.0
2024-09-05,6.16,6.18,6.18,6.16,11373041.0,70292622.0,0.32467532467532756,0.019999999999999574,0.014056485476119837,0.32467532467531773,809095632.0
2024-09-06,6.17,6.18,6.18,6.17,7262200.0,44927927.0,0.0,0.0,0.008975700415102476,0.16181229773462438,809095632.0
2024-09-09,6.18,6.19,6.19,6.17,8692838.0,53835793.0,0.16181229773464256,0.010000000000000675,0.010743894363280904,0.32362459546926314,809095632.0
2024-09-10,6.19,6.18,6.19,6.17,11538500.0,71393132.0,-0.1615508885298933,-0.010000000000000675,0.01426098417003937,0.32310177705978127,809095632.0
2024-09-11,6.18,6.18,6.18,6.17,4882200.0,30197817.0,0.0,0.0,0.006034144552148565,0.16181229773462438,809095632.0
2024-09-12,6.17,6.17,6.18,6.17,10729800.0,66331474.0,-0.16181229773462036,-0.009999999999999787,0.01326147315055583,0.16181229773462438,809095632.0
2024-09-13,6.17,6.16,6.18,6.16,15319600.0,94644557.0,-0.16207455429497752,-0.009999999999999787,0.018934226553827198,0.32414910858994445,809095632.0
2024-09-24,6.17,6.78,6.78,6.16,17466300.0,115613470.0,10.064935064935066,0.6200000000000001,0.02158743578534113,10.064935064935067,809095632.0
2024-09-25,7.09,7.46,7.46,6.99,10847641.0,79941782.0,10.029498525073732,0.6799999999999997,0.013407118480155137,6.93215339233038,809095632.0
2024-09-26,7.74,7.94,8.18,7.15,29826938.0,229882481.0,6.434316353887404,0.4800000000000004,0.03686453964195916,13.80697050938337,809095632.0
2024-09-27,8.19,7.83,8.36,7.65,25897466.0,205440086.0,-1.3853904282115859,-0.11000000000000032,0.03200791720502083,8.942065491183868,809095632.0
2024-09-30,8.22,8.31,8.55,7.79,31730763.0,259488220.0,6.130268199233724,0.4800000000000004,0.03921756804145001,9.706257982120059,809095632.0
2024-10-08,8.93,8.05,9.0,7.9,28746472.0,241843308.0,-3.128760529482544,-0.2599999999999998,0.03552914002136153,13.23706377858002,809095632.0
2024-10-09,7.84,7.55,7.98,7.41,19563354.0,150580822.0,-6.211180124223614,-0.5000000000000009,0.02417928515031212,7.080745341614909,809095632.0
2024-10-10,7.73,7.53,7.92,7.5,12850863.0,98451902.0,-0.26490066225165476,-0.019999999999999574,0.015882996387255245,5.562913907284767,809095632.0
2024-10-11,7.51,7.33,7.71,7.27,10427794.0,77996408.0,-2.6560424966799445,-0.20000000000000018,0.012888209486712444,5.843293492695889,809095632.0
2024-10-14,7.47,7.44,7.52,7.26,8809540.0,65262950.0,1.500682128240105,0.11000000000000032,0.010888131948288655,3.5470668485675274,809095632.0
2024-10-15,7.3,7.21,7.48,7.2,7891884.0,57886154.0,-3.091397849462374,-0.23000000000000043,0.00975395699577822,3.7634408602150566,809095632.0
2024-10-16,7.21,7.39,7.4,7.21,9791240.0,72012462.0,2.496532593619971,0.17999999999999972,0.012101461944365064,2.6352288488210873,809095632.0
2024-10-17,7.71,7.0,7.71,6.98,12374201.0,89070990.0,-5.277401894451961,-0.3899999999999997,0.01529386701719334,9.878213802435717,809095632.0
2024-10-18,6.92,6.99,7.07,6.78,9244721.0,64380650.0,-0.14285714285714457,-0.009999999999999787,0.011425992965934094,4.142857142857143,809095632.0
2024-10-21,6.96,6.85,7.03,6.79,7872201.0,54292437.0,-2.002861230329045,-0.14000000000000057,0.009729629834412454,3.433476394849788,809095632.0
2024-10-22,6.86,6.92,6.95,6.82,6310936.0,43502556.0,1.0218978102189746,0.07000000000000028,0.007799987727532313,1.8978102189781008,809095632.0
2024-10-23,6.91,6.9,7.04,6.84,6947001.0,48147532.0,-0.28901734104045396,-0.019999999999999574,0.008586130891385161,2.890173410404627,809095632.0
2024-10-24,6.89,6.96,7.03,6.83,6040342.0,42000836.0,0.8695652173912993,0.05999999999999961,0.007465547657288551,2.898550724637684,809095632.0
2024-10-25,6.96,7.07,7.14,6.96,7698510.0,54565326.0,1.5804597701149392,0.11000000000000032,0.009514956817861056,2.5862068965517198,809095632.0
2024-10-28,7.12,7.29,7.3,7.1,7796153.0,56377067.0,3.111739745403108,0.21999999999999975,0.009635638472956187,2.828854314002831,809095632.0
2024-10-29,7.29,6.99,7.29,6.95,7592592.0,53792951.0,-4.1152263374485525,-0.2999999999999998,0.009384047694376875,4.663923182441699,809095632.0
2024-10-30,6.89,6.84,6.95,6.71,6946801.0,47397809.0,-2.145922746781126,-0.15000000000000036,0.008585883701816845,3.433476394849788,809095632.0
2024-10-31,6.8,6.92,7.04,6.77,7723603.0,53543919.0,1.1695906432748648,0.08000000000000007,0.009545970457049755,3.947368421052638,809095632.0
2024-11-01,6.94,6.8,7.04,6.69,7139614.0,48803258.0,-1.7341040462427793,-0.1200000000000001,0.008824190512994884,5.057803468208087,809095632.0
2024-11-04,6.8,6.75,6.87,6.63,5385521.0,36110080.0,-0.7352941176470562,-0.04999999999999982,0.00665622305571908,3.529411764705886,809095632.0
2024-11-05,6.74,7.04,7.07,6.72,8092162.0,56512981.0,4.296296296296287,0.29000000000000004,0.010001490157593633,5.185185185185193,809095632.0
2024-11-06,7.06,7.29,7.54,6.87,13800465.0,99806458.0,3.5511363636363535,0.25,0.017056654929512707,9.517045454545453,809095632.0
2024-11-07,7.25,7.53,7.57,7.16,10959240.0,81965742.0,3.292181069958855,0.2400000000000002,0.01354504902332732,5.6241426611797,809095632.0
2024-11-08,7.64,7.27,7.64,7.27,9042000.0,66879325.0,-3.452855245683939,-0.2600000000000007,0.011175440383541707,4.913678618857903,809095632.0
2024-11-11,7.24,7.22,7.35,7.08,6127580.0,43938627.0,-0.687757909215958,-0.04999999999999982,0.00757336927509207,3.713892709766157,809095632.0
2024-11-12,7.28,7.17,7.33,7.07,6080900.0,43931422.0,-0.6925207756232621,-0.04999999999999982,0.007515675229847242,3.601108033240994,809095632.0
2024-11-13,7.17,7.89,7.89,7.1,15014731.0,115395900.0,10.041841004184104,0.7199999999999998,0.01855742437131338,11.018131101813111,809095632.0
2024-11-14,8.67,8.67,8.67,8.67,3401623.0,29560104.0,9.885931558935358,0.7800000000000002,0.00420422860470961,0.0,809095632.0
2024-11-15,9.15,8.64,9.53,8.49,39822202.0,359509648.0,-0.34602076124566894,-0.02999999999999936,0.04921816460875419,11.995386389850047,809095632.0
2024-11-18,8.72,9.51,9.51,8.72,28219493.0,263742100.0,10.069444444444443,0.8699999999999992,0.03487782146375498,9.143518518518508,809095632.0
2024-11-19,9.51,8.57,9.51,8.57,31081069.0,270536450.0,-9.884332281808616,-0.9399999999999995,0.038414580144464305,9.884332281808618,809095632.0
2024-11-20,8.07,8.41,8.51,7.85,27421744.0,225364627.0,-1.8669778296382722,-0.16000000000000014,0.03389184530908455,7.701283547257878,809095632.0
2024-11-21,8.19,8.17,8.6,8.13,20689096.0,171046313.0,-2.85374554102259,-0.2400000000000002,0.025570643545385005,5.5885850178358965,809095632.0
2024-11-22,8.12,7.7,8.27,7.69,17394791.0,137730757.0,-5.7527539779681724,-0.46999999999999975,0.021499054391137782,7.099143206854336,809095632.0
2024-11-25,7.67,7.55,7.73,7.36,11696940.0,88050094.0,-1.9480519480519543,-0.15000000000000036,0.014456807746058873,4.805194805194807,809095632.0
2024-11-26,7.5,7.46,7.59,7.37,8198000.0,61281764.0,-1.192052980132452,-0.08999999999999986,0.010132300405250488,2.9139072847682086,809095632.0
2024-11-27,7.35,7.73,7.79,7.2,11924500.0,89905052.0,3.6193029490616757,0.27000000000000046,0.014738060036888198,7.908847184986594,809095632.0
2024-11-28,7.71,7.72,7.92,7.57,10492200.0,80949872.0,-0.1293661060802198,-0.010000000000000675,0.01296781194339707,4.52781371280724,809095632.0
2024-11-29,7.65,7.85,7.92,7.5,11678543.0,89967050.0,1.6839378238342029,0.1299999999999999,0.014434070013617377,5.44041450777202,809095632.0
2024-12-02,7.78,8.01,8.13,7.77,9604300.0,76253985.0,2.0382165605095537,0.16000000000000014,0.011870413854860607,4.585987261146513,809095632.0
2024-12-03,7.99,8.19,8.27,7.95,12162146.0,98931329.0,2.2471910112359605,0.17999999999999972,0.01503177809764767,3.995006242197246,809095632.0
2024-12-04,8.19,8.02,8.22,7.98,8182256.0,66114338.0,-2.0757020757020794,-0.16999999999999993,0.010112841642432696,2.9304029304029333,809095632.0
2024-12-05,8.01,8.14,8.15,7.93,6251380.0,50223661.0,1.4962593516209655,0.120000000000001,0.0077263796178793365,2.743142144638412,809095632.0
2024-12-06,8.12,8.16,8.27,8.05,5518301.0,45137268.0,0.24570024570023108,0.019999999999999574,0.00682033221012371,2.7027027027026884,809095632.0
2024-12-09,8.16,7.83,8.16,7.77,6827329.0,54135397.0,-4.044117647058821,-0.33000000000000007,0.008438222541287925,4.779411764705889,809095632.0
2024-12-10,8.07,7.97,8.46,7.93,10984800.0,88682636.0,1.7879948914431676,0.13999999999999968,0.013576639850158034,6.768837803320577,809095632.0
2024-12-11,7.94,8.1,8.24,7.87,8727757.0,70617042.0,1.6311166875784266,0.1299999999999999,0.01078705242596094,4.6424090338770405,809095632.0
2024-12-12,8.07,8.49,8.5,8.0,12053495.0,100628503.0,4.814814814814827,0.39000000000000057,0.014897491128712458,6.17283950617284,809095632.0
2024-12-13,8.44,8.53,8.68,8.33,10321499.0,88118383.0,0.4711425206124664,0.03999999999999915,0.012756834410891987,4.122497055359242,809095632.0
2024-12-16,7.68,7.88,8.43,7.68,44483800.0,346009913.0,-7.62016412661195,-0.6499999999999995,0.05497965659515512,8.792497069167645,809095632.0
2024-12-17,7.49,7.09,7.59,7.09,20710000.0,149963110.0,-10.025380710659903,-0.79,0.025596479799065333,6.345177664974619,809095632.0
2024-12-18,6.98,6.79,7.15,6.76,24303239.0,167899739.0,-4.231311706629048,-0.2999999999999998,0.030037535785386614,5.50070521861778,809095632.0
2024-12-19,6.69,6.78,6.89,6.59,14840913.0,100270980.0,-0.14727540500736325,-0.009999999999999787,0.0183425943893861,4.418262150220911,809095632.0
2024-12-20,6.79,6.67,6.83,6.61,11667964.0,78147132.0,-1.6224188790560534,-0.11000000000000032,0.014420994921401331,3.244837758112091,809095632.0
2024-12-23,6.68,6.41,6.7,6.39,9559600.0,62457567.0,-3.8980509745127456,-0.2599999999999998,0.011815166986342104,4.6476761619190485,809095632.0
2024-12-24,6.49,6.45,6.53,6.37,6277662.0,40525399.0,0.6240249609984483,0.040000000000000036,0.00775886279905167,2.496099843993762,809095632.0
2024-12-25,6.48,6.35,6.48,6.24,6125001.0,38893054.0,-1.5503875968992276,-0.10000000000000053,0.007570181765608642,3.720930232558143,809095632.0
2024-12-26,6.34,6.36,6.4,6.3,4265310.0,27175699.0,0.15748031496063408,0.010000000000000675,0.00527170068815796,1.574803149606308,809095632.0
2024-12-27,6.36,6.43,6.48,6.31,5132210.0,33019109.0,1.1006289308175932,0.0699999999999994,0.006343143872021299,2.67295597484278,809095632.0
2024-12-30,6.47,6.31,6.47,6.25,5002000.0,31549005.0,-1.8662519440124425,-0.1200000000000001,0.006182211103569522,3.4214618973561395,809095632.0
2024-12-31,6.28,6.17,6.36,6.16,4858200.0,30371954.0,-2.2187004754358086,-0.13999999999999968,0.006004481803950711,3.1695721077654544,809095632.0
2025-01-02,6.18,6.08,6.27,6.01,7922911.0,48942136.0,-1.4586709886547755,-0.08999999999999986,0.009792304749458837,4.213938411669364,809095632.0
2025-01-03,6.11,5.77,6.12,5.77,7734801.0,45793747.0,-5.0986842105263275,-0.3100000000000005,0.009559810600979737,5.75657894736843,809095632.0
2025-01-06,5.73,5.67,5.75,5.59,4996351.0,28389343.0,-1.7331022530329254,-0.09999999999999964,0.006175229234212452,2.772963604852689,809095632.0
2025-01-07,5.67,5.75,5.75,5.62,4134901.0,23531947.0,1.4109347442680775,0.08000000000000007,0.0051105219660857095,2.2927689594356244,809095632.0
2025-01-08,5.71,5.72,5.79,5.57,4702200.0,26820538.0,-0.521739130434784,-0.03000000000000025,0.005811673940664655,3.826086956521735,809095632.0
2025-01-09,5.69,5.7,5.74,5.65,2984899.0,17074880.0,-0.34965034965034336,-0.019999999999999574,0.0036891794763761624,1.573426573426571,809095632.0
2025-01-10,5.7,5.45,5.74,5.45,5354700.0,29928621.0,-4.385964912280704,-0.25,0.006618129907293826,5.087719298245615,809095632.0
2025-01-13,5.39,5.55,5.56,5.28,4179199.0,22914607.0,1.83486238532109,0.09999999999999964,0.0051652719835719,5.13761467889907,809095632.0
2025-01-14,5.55,5.69,5.7,5.55,5208800.0,29461146.0,2.522522522522541,0.14000000000000057,0.006437805117207702,2.7027027027027093,809095632.0
2025-01-15,5.7,5.62,5.72,5.58,4074600.0,23018515.0,-1.2302284710017597,-0.07000000000000028,0.005035993075290759,2.460456942003509,809095632.0
2025-01-16,5.65,5.64,5.77,5.61,4732100.0,27013862.0,0.3558718861209842,0.019999999999999574,0.005848628781127816,2.8469750889679584,809095632.0
2025-01-17,5.65,5.6,5.67,5.55,4659300.0,26196591.0,-0.7092198581560294,-0.040000000000000036,0.00575865177826099,2.1276595744680873,809095632.0
2025-01-20,5.64,5.64,5.71,5.48,7397290.0,41808486.0,0.7142857142857117,0.040000000000000036,0.00914266460902115,4.10714285714285,809095632.0
2025-01-21,5.66,5.55,5.8,5.52,9803600.0,55407595.0,-1.5957446808510634,-0.08999999999999986,0.01211673825968696,4.964539007092203,809095632.0
2025-01-22,5.52,5.45,5.53,5.4,5126700.0,28033975.0,-1.8018018018017945,-0.09999999999999964,0.006336333799414208,2.3423423423423406,809095632.0
2025-01-23,5.5,5.49,5.62,5.49,6260600.0,34853570.0,0.7339449541284404,0.040000000000000036,0.007737775056978678,2.3853211009174293,809095632.0
2025-01-24,5.52,5.45,5.52,5.41,5121300.0,27949738.0,-0.7285974499089298,-0.040000000000000036,0.006329659681069691,2.0036429872495343,809095632.0
2025-01-27,5.48,5.48,5.68,5.46,6066400.0,33814548.0,0.5504587155963359,0.03000000000000025,0.007497753986144372,4.036697247706417,809095632.0
2025-02-05,5.55,5.59,5.59,5.49,3081500.0,17126242.0,2.007299270072993,0.10999999999999943,0.0038085732738203683,1.8248175182481685,809095632.0
2025-02-06,5.59,5.63,5.71,5.49,6178900.0,34766363.0,0.7155635062611854,0.040000000000000036,0.007636798118321815,3.9355992844364898,809095632.0
2025-02-07,5.67,6.19,6.19,5.61,9509915.0,56728923.0,9.946714031971581,0.5600000000000005,0.011753758917833337,10.301953818827709,809095632.0
2025-02-10,6.49,6.81,6.81,6.28,15954814.0,105764809.0,10.016155088852985,0.6199999999999992,0.019719317926066866,8.562197092083995,809095632.0
2025-02-11,7.49,7.49,7.49,7.49,4714400.0,35358000.0,9.985315712187969,0.6800000000000006,0.0058267525043318984,0.0,809095632.0
2025-02-12,8.24,7.62,8.24,7.1,65030163.0,496574138.0,1.735647530040052,0.1299999999999999,0.08037388959726828,15.22029372496663,809095632.0
2025-02-13,7.78,8.07,8.38,7.65,87798229.0,706979593.0,5.905511811023634,0.4500000000000002,0.10851403162685719,9.580052493438327,809095632.0
2025-02-14,8.46,7.26,8.51,7.26,71151908.0,539800884.0,-10.0371747211896,-0.8100000000000005,0.08794004711670474,15.489467162329614,809095632.0
2025-02-17,7.54,6.71,7.64,6.58,53735212.0,370363491.0,-7.575757575757569,-0.5499999999999998,0.0664139192880972,14.600550964187322,809095632.0
2025-02-18,6.56,6.24,6.61,6.18,37732098.0,239839987.0,-7.0044709388971675,-0.46999999999999975,0.04663490508128216,6.4083457526080565,809095632.0
2025-02-19,6.11,6.29,6.31,6.11,20435280.0,127278925.0,0.8012820512820484,0.04999999999999982,0.025256940208027226,3.2051282051281937,809095632.0
2025-02-20,6.29,6.19,6.31,6.17,16248400.0,101155530.0,-1.5898251192368762,-0.09999999999999964,0.02008217490908417,2.2257551669316324,809095632.0
2025-02-21,6.17,6.14,6.22,6.07,18789044.0,115287845.0,-0.8077544426494443,-0.05000000000000071,0.023222278377100423,2.423263327948295,809095632.0
2025-02-24,6.12,6.11,6.22,6.1,15565052.0,96006219.0,-0.48859934853419107,-0.02999999999999936,0.019237592423438026,1.9543973941368098,809095632.0
2025-02-25,6.09,6.0,6.12,5.93,18361000.0,111020024.0,-1.8003273322422353,-0.11000000000000032,0.02269323831920032,3.109656301145669,809095632.0
2025-02-26,6.0,6.02,6.1,5.99,15628900.0,94395922.0,0.3333333333333188,0.019999999999999574,0.019316505221227052,1.833333333333324,809095632.0
2025-02-27,6.03,6.0,6.1,5.94,16944080.0,102189677.0,-0.33222591362125353,-0.019999999999999574,0.02094199910351265,2.6578073089700878,809095632.0
2025-02-28,5.97,5.86,6.01,5.85,19202998.0,113995965.0,-2.3333333333333317,-0.13999999999999968,0.0237339039299127,2.6666666666666687,809095632.0
2025-03-03,5.88,5.84,5.97,5.82,12633373.0,74665540.0,-0.34129692832765013,-0.020000000000000462,0.015614190091190605,2.559726962457329,809095632.0
2025-03-04,5.82,5.87,5.87,5.79,8042000.0,46946779.0,0.5136986301369939,0.03000000000000025,0.009939492541964433,1.3698630136986314,809095632.0
2025-03-05,5.86,5.72,5.87,5.68,18422596.0,106051755.0,-2.555366269165249,-0.15000000000000036,0.022769367762450112,3.236797274275986,809095632.0
2025-03-06,5.75,5.82,5.83,5.71,17673965.0,102174461.0,1.7482517482517501,0.10000000000000053,0.02184409889386228,2.0979020979020997,809095632.0
2025-03-07,5.78,5.71,5.81,5.7,12647440.0,72693879.0,-1.8900343642611728,-0.11000000000000032,0.01563157616947807,1.8900343642611586,809095632.0
2025-03-10,5.72,5.77,5.78,5.69,7516500.0,43248216.0,1.0507880910682887,0.05999999999999961,0.009290001951215576,1.5761821366024493,809095632.0
2025-03-11,5.73,5.77,5.77,5.69,9658299.0,55492589.0,0.0,0.0,0.01193715380235794,1.386481802426329,809095632.0
2025-03-12,5.77,5.83,5.94,5.76,16930000.0,99176561.0,1.0398613518197708,0.0600000000000005,0.02092459695790324,3.119584055459283,809095632.0
2025-03-13,5.83,5.89,5.93,5.74,17769152.0,104098250.0,1.0291595197255532,0.05999999999999961,0.021961745061058493,3.25900514579759,809095632.0
2025-03-14,5.92,5.98,6.01,5.84,27484852.0,163684412.0,1.5280135823429575,0.09000000000000075,0.03396984350547081,2.8862478777589122,809095632.0
2025-03-17,6.01,5.93,6.03,5.92,15661693.0,93577127.0,-0.8361204013378032,-0.05000000000000071,0.019357035658795894,1.8394648829431492,809095632.0
2025-03-18,5.93,5.97,6.03,5.88,14038279.0,83597536.0,0.6745362563237878,0.040000000000000036,0.017350580629509567,2.5295109612141715,809095632.0
2025-03-19,5.96,5.92,5.98,5.89,10974100.0,65151962.0,-0.8375209380234505,-0.04999999999999982,0.013563415208253157,1.5075376884422236,809095632.0
2025-03-20,5.9,5.91,5.96,5.89,7613600.0,45155932.0,-0.16891891891891442,-0.009999999999999787,0.00941001248663273,1.1824324324324371,809095632.0
2025-03-21,5.87,5.99,6.14,5.86,26253234.0,158240757.0,1.3536379018612488,0.08000000000000007,0.03244762789672309,4.737732656514371,809095632.0
2025-03-24,5.99,6.08,6.16,5.91,28335550.0,171655610.0,1.5025041736226985,0.08999999999999986,0.035021261862404916,4.173622704507513,809095632.0
2025-03-25,6.08,5.99,6.08,5.92,18451900.0,110582041.0,-1.4802631578947345,-0.08999999999999986,0.022805585977999695,2.6315789473684235,809095632.0
2025-03-26,5.96,5.99,6.08,5.96,10960800.0,65981975.0,0.0,0.0,0.01354697710196018,2.0033388981636078,809095632.0
2025-03-27,5.77,5.92,6.01,5.72,27279477.0,160537589.0,-1.16861435726211,-0.07000000000000028,0.03371601071750688,4.841402337228715,809095632.0
2025-03-28,5.94,5.9,6.08,5.89,14058800.0,84108338.0,-0.33783783783782884,-0.019999999999999574,0.017375943515166574,3.2094594594594663,809095632.0
2025-03-31,5.91,5.81,5.91,5.73,11962600.0,69616943.0,-1.5254237288135686,-0.09000000000000075,0.014785149649652293,3.0508474576271136,809095632.0
2025-04-01,5.83,5.83,5.86,5.79,7901400.0,46172391.0,0.3442340791738552,0.020000000000000462,0.00976571827543867,1.2048192771084387,809095632.0
2025-04-02,5.79,5.96,6.01,5.79,17277161.0,102922043.0,2.2298456260720467,0.1299999999999999,0.021353669846533047,3.773584905660373,809095632.0
2025-04-03,5.91,5.94,6.02,5.89,11041800.0,65896483.0,-0.3355704697986517,-0.019999999999999574,0.01364708887712794,2.1812080536912735,809095632.0
2025-04-07,5.61,5.35,5.79,5.35,14873108.0,81129071.0,-9.932659932659949,-0.5900000000000007,0.01838238573014568,7.407407407407414,809095632.0
2025-04-08,5.19,5.27,5.37,5.17,17858101.0,94112894.0,-1.4953271028037451,-0.08000000000000007,0.02207168138561895,3.7383177570093498,809095632.0
2025-04-09,5.17,5.39,5.44,4.96,22024380.0,115360783.0,2.2770398481973375,0.1200000000000001,0.02722098492307767,9.108159392789382,809095632.0
2025-04-10,5.44,5.56,5.64,5.37,16155041.0,89591530.0,3.153988868274582,0.16999999999999993,0.01996678805454236,5.009276437847858,809095632.0
2025-04-11,5.49,5.56,5.6,5.43,8447700.0,47033648.0,0.0,0.0,0.010440916581292333,3.0575539568345316,809095632.0
2025-04-14,5.67,5.63,5.74,5.59,8605800.0,48835421.0,1.25899280575541,0.07000000000000028,0.0106363199350457,2.6978417266187114,809095632.0
2025-04-15,5.61,5.62,5.67,5.58,7413700.0,41737318.0,-0.1776198934280604,-0.009999999999999787,0.009162946513101433,1.598579040852573,809095632.0
2025-04-16,5.59,5.51,5.64,5.43,7973382.0,44163454.0,-1.9572953736654908,-0.11000000000000032,0.009854684272971084,3.7366548042704615,809095632.0
2025-04-17,5.46,5.67,5.72,5.44,11425300.0,64540310.0,2.9038112522685955,0.16000000000000014,0.014121074874372823,5.081669691470043,809095632.0
2025-04-18,5.62,5.86,5.91,5.62,15668007.0,90795607.0,3.3509700176366897,0.1900000000000004,0.019364839433467614,5.114638447971782,809095632.0
2025-04-21,5.89,5.86,5.89,5.76,11203500.0,65629150.0,0.0,0.0,0.013846941643110984,2.2184300341296908,809095632.0
2025-04-22,5.86,5.89,5.97,5.84,12362601.0,73182775.0,0.5119453924914641,0.02999999999999936,0.015279530022231043,2.2184300341296908,809095632.0
2025-04-23,5.91,5.81,5.94,5.78,8914100.0,51989779.0,-1.358234295415961,-0.08000000000000007,0.011017362654603974,2.716468590831921,809095632.0
2025-04-24,5.77,6.01,6.39,5.76,38563600.0,236164489.0,3.4423407917383964,0.20000000000000018,0.047662598183449346,10.843373493975902,809095632.0
2025-04-25,5.94,5.84,6.01,5.76,28876281.0,170324595.0,-2.828618968386021,-0.16999999999999993,0.035689577174728836,4.15973377703827,809095632.0
2025-04-28,5.69,5.5,5.78,5.49,18298400.0,102204073.0,-5.82191780821918,-0.33999999999999986,0.022615867984317584,4.965753424657534,809095632.0
2025-04-29,5.45,5.52,5.55,5.4,8202600.0,45247830.0,0.363636363636366,0.019999999999999574,0.010137985765321744,2.7272727272727173,809095632.0
2025-04-30,5.51,5.55,5.69,5.51,9731401.0,54613623.0,0.5434782608695787,0.03000000000000025,0.012027504061472922,3.2608695652174022,809095632.0
2025-05-06,5.57,5.69,5.7,5.56,8723700.0,49370177.0,2.522522522522541,0.14000000000000057,0.010782038185567661,2.5225225225225327,809095632.0
2025-05-07,5.84,5.74,5.9,5.71,13378900.0,77645309.0,0.8787346221441172,0.04999999999999982,0.016535622577678186,3.339191564147634,809095632.0
2025-05-08,5.72,5.74,5.77,5.67,7931500.0,45599463.0,0.0,0.0,0.009802920305470145,1.7421602787456383,809095632.0
2025-05-09,5.71,5.62,5.75,5.61,6590400.0,37249354.0,-2.0905923344947785,-0.1200000000000001,0.008145390655130863,2.4390243902438966,809095632.0
2025-05-12,5.65,5.61,5.66,5.56,6181009.0,34692814.0,-0.1779359430604921,-0.009999999999999787,0.007639404732319702,1.7793594306049918,809095632.0
2025-05-13,5.64,5.6,5.68,5.57,6067101.0,34136679.0,-0.17825311942960553,-0.010000000000000675,0.007498620385581318,1.9607843137254801,809095632.0
2025-05-14,5.59,5.62,5.66,5.57,5948200.0,33440815.0,0.3571428571428559,0.020000000000000462,0.007351664951269939,1.6071428571428545,809095632.0
2025-05-15,5.62,5.58,5.65,5.57,4975000.0,27914327.0,-0.7117437722419906,-0.040000000000000036,0.0061488405118469355,1.4234875444839872,809095632.0
2025-05-16,5.57,5.57,5.6,5.55,4357700.0,24310729.0,-0.17921146953404632,-0.009999999999999787,0.005385889909241285,0.8960573476702477,809095632.0
2025-05-19,5.56,5.68,5.71,5.56,9171301.0,52079906.0,1.9748653500897495,0.10999999999999943,0.01133524967540549,2.6929982046678695,809095632.0
2025-05-20,5.71,5.73,5.74,5.64,6640600.0,37839887.0,0.8802816901408494,0.05000000000000071,0.008207435236778042,1.7605633802816996,809095632.0
2025-05-21,5.71,5.67,5.76,5.66,5879100.0,33557073.0,-1.0471204188481797,-0.0600000000000005,0.007266260955416949,1.745200698080273,809095632.0
2025-05-22,5.65,5.59,5.69,5.56,6039800.0,33954737.0,-1.4109347442680775,-0.08000000000000007,0.007464877773558417,2.29276895943564,809095632.0
2025-05-23,5.64,5.47,5.64,5.47,6539000.0,36334609.0,-2.146690518783545,-0.1200000000000001,0.008081862936073792,3.0411449016100165,809095632.0
2025-05-26,5.47,5.54,5.55,5.47,4861700.0,26847578.0,1.2797074954296273,0.07000000000000028,0.006008807621396231,1.4625228519195625,809095632.0
2025-05-27,5.55,5.55,5.56,5.49,5001300.0,27722282.0,0.18050541516245744,0.009999999999999787,0.0061813459400804184,1.2635379061371732,809095632.0
2025-05-28,5.56,5.5,5.56,5.48,3664000.0,20214141.0,-0.9009009009009028,-0.04999999999999982,0.00452851289153913,1.4414414414414267,809095632.0
2025-05-29,5.5,5.53,5.58,5.45,5358180.0,29714497.0,0.5454545454545601,0.03000000000000025,0.006622431005782516,2.363636363636362,809095632.0
2025-05-30,5.54,5.5,5.55,5.49,4649900.0,25682209.0,-0.5424954792043413,-0.03000000000000025,0.005747033868550164,1.0849909584086728,809095632.0
2025-06-03,5.47,5.48,5.53,5.46,5412800.0,29752130.0,-0.3636363636363549,-0.019999999999999574,0.006689938476889466,1.272727272727278,809095632.0
2025-06-04,5.5,5.57,5.58,5.48,7507100.0,41659096.0,1.642335766423364,0.08999999999999986,0.00927838404150475,1.8248175182481685,809095632.0
2025-06-05,5.58,5.54,5.62,5.51,5865600.0,32609383.0,-0.5385996409335791,-0.03000000000000025,0.007249575659555655,1.9748653500897724,809095632.0
2025-06-06,5.54,5.59,5.59,5.53,4673400.0,26051708.0,0.902527075812265,0.04999999999999982,0.00577607864282723,1.0830324909747222,809095632.0
2025-06-09,5.59,5.66,5.69,5.56,6022200.0,34000144.0,1.2522361359570633,0.07000000000000028,0.007443125091546657,2.3255813953488516,809095632.0
2025-06-10,5.67,5.63,5.72,5.58,6131000.0,34682462.0,-0.5300353356890497,-0.03000000000000025,0.007577596216710264,2.473498233215542,809095632.0
2025-06-11,5.63,5.72,5.75,5.61,9818014.0,56178573.0,1.5985790408525657,0.08999999999999986,0.012134553211875454,2.4866785079928895,809095632.0
2025-06-12,5.73,5.67,5.73,5.63,5964500.0,33864596.0,-0.8741258741258751,-0.04999999999999982,0.0073718109010876475,1.7482517482517577,809095632.0
2025-06-13,5.72,5.46,5.72,5.46,11920500.0,65997209.0,-3.703703703703698,-0.20999999999999996,0.014733116245521889,4.585537918871249,809095632.0
2025-06-16,5.48,5.53,5.57,5.47,7907001.0,43772885.0,1.2820512820512775,0.07000000000000028,0.009772640819299343,1.8315018315018412,809095632.0
2025-06-17,5.54,5.49,5.54,5.46,5061500.0,27864199.0,-0.7233273056057921,-0.040000000000000036,0.00625575000014337,1.4466546112115743,809095632.0
2025-06-18,5.49,5.4,5.5,5.37,6492500.0,35196083.0,-1.6393442622950838,-0.08999999999999986,0.008024391361440448,2.367941712204005,809095632.0
2025-06-19,5.4,5.35,5.5,5.34,11475300.0,62242417.0,-0.9259259259259411,-0.05000000000000071,0.014182872266451686,2.9629629629629655,809095632.0
2025-06-20,5.34,5.36,5.43,5.3,6519400.0,35011853.0,0.18691588785046953,0.010000000000000675,0.008057638358378878,2.429906542056073,809095632.0
2025-06-23,5.34,5.4,5.42,5.3,4043586.0,21770327.0,0.746268656716409,0.040000000000000036,0.0049976613889320814,2.2388059701492558,809095632.0
2025-06-24,5.42,5.47,5.49,5.4,4810900.0,26304333.0,1.2962962962962843,0.0699999999999994,0.005946021471044105,1.6666666666666639,809095632.0
2025-06-25,5.49,5.52,5.52,5.43,6383622.0,35042731.0,0.9140767824497242,0.04999999999999982,0.007889823832345199,1.6453382084095038,809095632.0
2025-06-26,5.53,5.49,5.59,5.48,6924400.0,38362170.0,-0.5434782608695565,-0.02999999999999936,0.008558197234217673,1.9927536231883956,809095632.0
2025-06-27,5.49,5.47,5.55,5.46,5680400.0,31325036.0,-0.36429872495447047,-0.020000000000000462,0.007020678119295545,1.6393442622950793,809095632.0
2025-06-30,5.48,5.47,5.52,5.45,5357301.0,29439820.0,0.0,0.0,0.006621344607629769,1.279707495429605,809095632.0
2025-07-01,5.49,5.46,5.51,5.42,4476700.0,24500136.0,-0.1828153564899404,-0.009999999999999787,0.00553296770238898,1.6453382084095038,809095632.0
2025-07-02,5.47,5.52,5.54,5.44,6213300.0,34110311.0,1.098901098901095,0.05999999999999961,0.007679314724072074,1.831501831501825,809095632.0
2025-07-03,5.52,5.54,5.61,5.5,7225601.0,40114262.0,0.36231884057971175,0.020000000000000462,0.00893046596004859,1.992753623188412,809095632.0
2025-07-04,5.54,5.49,5.54,5.47,5499200.0,30285506.0,-0.9025270758122761,-0.04999999999999982,0.006796724370401743,1.2635379061371892,809095632.0
2025-07-07,5.49,5.57,5.59,5.46,8644300.0,48030470.0,1.4571948998178597,0.08000000000000007,0.010683903926946426,2.367941712204005,809095632.0
2025-07-08,5.56,5.67,5.7,5.53,12019400.0,67546779.0,1.7953321364452268,0.09999999999999964,0.014855351487053881,3.0520646319569105,809095632.0
2025-07-09,5.7,5.65,5.73,5.63,9885204.0,56124708.0,-0.3527336860670083,-0.019999999999999574,0.01221759654735103,1.7636684303351062,809095632.0
2025-07-10,5.65,5.77,5.8,5.64,13678223.0,78599790.0,2.123893805309729,0.11999999999999922,0.01690557019346262,2.831858407079648,809095632.0
2025-07-11,5.79,5.76,5.83,5.71,12103000.0,69823501.0,-0.17331022530329143,-0.009999999999999787,0.014958676726609742,2.0797227036395167,809095632.0
2025-07-14,5.76,5.69,5.79,5.65,8972700.0,51157345.0,-1.215277777777768,-0.0699999999999994,0.011089789198120403,2.43055555555555,809095632.0
2025-07-15,5.71,5.65,5.71,5.54,9977500.0,55924262.0,-0.702987697715296,-0.040000000000000036,0.012331669589337247,2.987697715289981,809095632.0
2025-07-16,5.64,5.66,5.72,5.61,6580600.0,37312035.0,0.1769911504424737,0.009999999999999787,0.008133278366283405,1.9469026548672466,809095632.0
2025-07-17,5.64,5.64,5.69,5.6,5525000.0,31126808.0,-0.35335689045937757,-0.020000000000000462,0.0068286118247144366,1.5901060070671509,809095632.0
2025-07-18,5.65,5.64,5.66,5.59,5558000.0,31248950.0,0.0,0.0,0.006869398103486486,1.2411347517730547,809095632.0
2025-07-21,5.63,5.73,5.75,5.62,8623400.0,49283615.0,1.5957446808510856,0.09000000000000075,0.01065807261705746,2.3049645390070905,809095632.0
2025-07-22,5.73,5.73,5.78,5.61,9888601.0,56058706.0,0.0,0.0,0.012221795062168868,2.966841186736473,809095632.0
2025-07-23,5.72,5.65,5.81,5.63,11074800.0,63380540.0,-1.3961605584642212,-0.08000000000000007,0.01368787515589999,3.1413612565444975,809095632.0
2025-07-24,5.65,5.77,5.79,5.63,11858612.0,67977951.0,2.123893805309729,0.11999999999999922,0.014656625905502355,2.831858407079648,809095632.0
2025-07-25,5.89,5.73,5.92,5.73,11320900.0,65512513.0,-0.6932409012131546,-0.03999999999999915,0.013992041919712156,3.2928942807625567,809095632.0
2025-07-28,5.76,5.73,5.78,5.67,7430500.0,42422456.0,0.0,0.0,0.009183710436839932,1.9197207678883128,809095632.0
2025-07-29,5.7,5.71,5.72,5.65,7169201.0,40765346.0,-0.3490401396160636,-0.020000000000000462,0.00886075850178363,1.221640488656185,809095632.0
2025-07-30,5.7,5.66,5.72,5.63,7422600.0,42151219.0,-0.8756567425569184,-0.04999999999999982,0.00917394644889147,1.5761821366024493,809095632.0
2025-07-31,5.66,5.53,5.66,5.51,10886303.0,60545035.0,-2.29681978798586,-0.1299999999999999,0.013454902695606197,2.650176678445236,809095632.0
2025-08-01,5.54,5.55,5.58,5.52,4951700.0,27467330.0,0.3616636528028794,0.019999999999999574,0.006120042927138186,1.084990958408689,809095632.0
2025-08-04,5.52,5.53,5.55,5.47,5867082.0,32352669.0,-0.3603603603603567,-0.019999999999999574,0.007251407334256873,1.441441441441443,809095632.0
2025-08-05,5.53,5.59,5.6,5.52,7665841.0,42666783.0,1.0849909584086825,0.05999999999999961,0.009474579637824568,1.4466546112115743,809095632.0
2025-08-06,5.59,5.61,5.61,5.53,7300022.0,40659477.0,0.3577817531305927,0.020000000000000462,0.009022446434366612,1.4311270125223625,809095632.0
2025-08-07,5.6,5.6,5.7,5.57,8276322.0,46471406.0,-0.17825311942960553,-0.010000000000000675,0.010229102312098504,2.317290552584668,809095632.0
2025-08-08,5.6,5.58,5.6,5.55,5828600.0,32480453.0,-0.35714285714284477,-0.019999999999999574,0.007203845589417297,0.8928571428571397,809095632.0
2025-08-11,5.6,5.63,5.68,5.6,8109200.0,45639621.0,0.8960573476702427,0.04999999999999982,0.010022548236918427,1.4336917562724028,809095632.0
2025-08-12,5.64,5.72,5.76,5.62,12786938.0,72736494.0,1.5985790408525657,0.08999999999999986,0.01580398842148242,2.4866785079928895,809095632.0
2025-08-13,5.73,5.63,5.77,5.62,12174600.0,69008513.0,-1.5734265734265729,-0.08999999999999986,0.015047170592066674,2.622377622377613,809095632.0
2025-08-14,5.65,5.52,5.68,5.51,11938200.0,66651191.0,-1.9538188277087087,-0.11000000000000032,0.014754992522317807,3.0195381882770858,809095632.0
2025-08-15,5.5,5.57,5.61,5.5,7452300.0,41544202.0,0.9057971014492905,0.05000000000000071,0.009210654099786315,1.992753623188412,809095632.0
2025-08-18,5.59,5.56,5.61,5.53,12247300.0,68088543.0,-0.17953321364453378,-0.010000000000000675,0.015137024000149341,1.4362657091561952,809095632.0
2025-08-19,5.59,5.56,5.62,5.56,9798401.0,54753311.0,0.0,0.0,0.012110312566858598,1.079136690647491,809095632.0
2025-08-20,5.56,5.66,5.67,5.54,10413015.0,58284662.0,1.7985611510791477,0.10000000000000053,0.012869943413561773,2.338129496402876,809095632.0
2025-08-21,5.66,5.67,5.72,5.62,9883087.0,56076805.0,0.17667844522968323,0.009999999999999787,0.012214980045770412,1.7667844522968137,809095632.0
2025-08-22,5.65,5.69,5.76,5.62,10976588.0,62423881.0,0.3527336860670305,0.020000000000000462,0.013566490246483001,2.46913580246913,809095632.0
2025-08-25,5.71,5.79,5.84,5.68,17062204.0,98477275.0,1.7574692442882123,0.09999999999999964,0.021087994206351122,2.8119507908611623,809095632.0
2025-08-26,5.78,5.76,5.8,5.71,10191573.0,58695323.0,-0.5181347150259086,-0.03000000000000025,0.012596252651627218,1.5544041450777177,809095632.0
2025-08-27,5.76,5.62,5.78,5.61,10732234.0,61128795.0,-2.430555555555547,-0.13999999999999968,0.013264481447602228,2.951388888888888,809095632.0
2025-08-28,5.65,5.58,5.7,5.48,12218319.0,68165492.0,-0.7117437722419906,-0.040000000000000036,0.015101204995752592,3.9145907473309567,809095632.0
2025-08-29,5.6,5.52,5.7,5.51,12781780.0,71440708.0,-1.0752688172043112,-0.0600000000000005,0.015797613402515565,3.4050179211469604,809095632.0
2025-09-01,5.52,5.55,5.56,5.47,7494293.0,41389181.0,0.5434782608695787,0.03000000000000025,0.00926255525749767,1.6304347826086931,809095632.0
2025-09-02,5.54,5.5,5.56,5.45,10159511.0,55865066.0,-0.9009009009009028,-0.04999999999999982,0.012556625691930568,1.9819819819819717,809095632.0
2025-09-03,5.53,5.39,5.54,5.37,7912249.0,42989053.0,-2.0000000000000018,-0.11000000000000032,0.00977912707357194,3.0909090909090895,809095632.0
2025-09-04,5.48,5.57,5.74,5.46,17423226.0,97205803.0,3.3395176252319247,0.1800000000000006,0.021534198568013033,5.1948051948052,809095632.0
2025-09-05,5.59,5.58,5.65,5.5,10144421.0,56432222.0,0.17953321364452268,0.009999999999999787,0.012537975239001166,2.6929982046678695,809095632.0
2025-09-08,5.61,5.63,5.67,5.6,9836755.0,55380085.0,0.8960573476702427,0.04999999999999982,0.012157716110374453,1.2544802867383564,809095632.0
2025-09-09,5.62,5.82,5.83,5.6,23895553.0,137110030.0,3.374777975133214,0.1900000000000004,0.029533657153645344,4.085257548845479,809095632.0
2025-09-10,5.89,5.85,5.92,5.77,18348730.0,107076792.0,0.5154639175257714,0.02999999999999936,0.022678073239184166,2.577319587628872,809095632.0
2025-09-11,5.81,5.87,5.89,5.79,13560871.0,79156263.0,0.34188034188034067,0.020000000000000462,0.016760529242357842,1.7094017094017033,809095632.0
2025-09-12,5.91,5.9,5.97,5.87,14551000.0,86103670.0,0.5110732538330609,0.03000000000000025,0.017984277042790906,1.7035775127768253,809095632.0
2025-09-15,5.87,5.96,5.97,5.73,18348680.0,107287495.0,1.0169491525423568,0.05999999999999961,0.022678011441792087,4.06779661016948,809095632.0
2025-09-16,5.94,6.01,6.04,5.9,18293400.0,109489994.0,0.8389261744966348,0.04999999999999982,0.022609688245109696,2.3489932885905986,809095632.0
2025-09-17,6.05,5.96,6.05,5.89,13936501.0,83016218.0,-0.8319467554076532,-0.04999999999999982,0.017224788330089513,2.662229617304495,809095632.0
2025-09-18,6.06,5.81,6.06,5.77,16010901.0,94554560.0,-2.5167785234899376,-0.15000000000000036,0.019788638532657412,4.8657718120805376,809095632.0
2025-09-19,5.86,5.82,5.88,5.7,12711669.0,73476275.0,0.1721170395869276,0.010000000000000675,0.015710959863394738,3.098106712564539,809095632.0
2025-09-22,5.8,5.82,5.85,5.71,9909700.0,57247875.0,0.0,0.0,0.012247872325678307,2.4054982817869357,809095632.0
2025-09-23,5.83,6.02,6.27,5.62,28317001.0,167410714.0,3.4364261168384758,0.1999999999999993,0.034998336265891494,11.168384879725076,809095632.0
2025-09-24,6.01,6.1,6.25,5.98,31811879.0,195222585.0,1.3289036544850585,0.08000000000000007,0.039317823186567395,4.485049833887037,809095632.0
2025-09-25,6.1,5.87,6.12,5.87,18634390.0,111060592.0,-3.770491803278686,-0.22999999999999954,0.02303113409960913,4.0983606557377055,809095632.0
2025-09-26,5.92,5.88,6.02,5.8,14868300.0,88195100.0,0.17035775127767216,0.009999999999999787,0.018376443292923376,3.7478705281090248,809095632.0
2025-09-29,5.85,6.11,6.2,5.8,21480200.0,130031260.0,3.911564625850339,0.23000000000000043,0.02654840682664815,6.80272108843538,809095632.0
2025-09-30,6.11,6.11,6.14,6.04,13442654.0,81855088.0,0.0,0.0,0.016614419196370103,1.6366612111292904,809095632.0
2025-10-09,6.07,5.96,6.11,5.91,11556350.0,68883512.0,-2.454991816693952,-0.15000000000000036,0.014283045839011525,3.2733224222585955,809095632.0
2025-10-10,5.96,6.0,6.07,5.93,9288900.0,55745284.0,0.6711409395973256,0.040000000000000036,0.011480595905627135,2.3489932885906133,809095632.0
2025-10-13,5.82,6.02,6.05,5.71,15429400.0,91515362.0,0.3333333333333188,0.019999999999999574,0.019069933626832385,5.666666666666664,809095632.0
2025-10-14,6.06,6.04,6.15,6.02,16158500.0,98465168.0,0.33222591362127574,0.020000000000000462,0.019971063198126374,2.159468438538219,809095632.0
2025-10-15,6.04,6.08,6.15,6.02,11506804.0,70207781.0,0.6622516556291425,0.040000000000000036,0.014221809567252738,2.152317880794715,809095632.0
2025-10-16,6.05,6.15,6.3,6.05,18883608.0,116530549.0,1.1513157894736947,0.07000000000000028,0.023339154548791336,4.111842105263158,809095632.0
2025-10-17,6.12,6.25,6.49,6.12,24697000.0,155474008.0,1.6260162601625883,0.09999999999999964,0.030524203843433923,6.016260162601627,809095632.0
2025-10-20,6.26,6.23,6.3,6.15,18336280.0,113567267.0,-0.31999999999999806,-0.019999999999999574,0.02266268568855653,2.3999999999999915,809095632.0
2025-10-21,6.2,6.34,6.37,6.15,18770655.0,117996351.0,1.7656500802568198,0.10999999999999943,0.023199550532241656,3.5313001605136396,809095632.0
2025-10-22,6.28,6.47,6.56,6.27,29753554.0,191419492.0,2.0504731861198833,0.1299999999999999,0.03677384084555285,4.5741324921135655,809095632.0
2025-10-23,6.45,6.32,6.47,6.27,18113500.0,114767851.0,-2.3183925811437356,-0.14999999999999947,0.022387341228409945,3.0911901081916566,809095632.0
2025-10-24,6.3,6.13,6.32,6.11,18043400.0,111820923.0,-3.0063291139240556,-0.1900000000000004,0.022300701284715375,3.3227848101265813,809095632.0
2025-10-27,6.16,6.06,6.17,6.01,13436926.0,81766879.0,-1.1419249592169667,-0.07000000000000028,0.016607339687133547,2.610114192495924,809095632.0
2025-10-28,6.04,6.0,6.09,5.98,10901628.0,65673212.0,-0.9900990099009799,-0.05999999999999961,0.01347384359627837,1.8151815181518058,809095632.0
2025-10-29,6.46,6.6,6.6,6.35,14860600.0,97405472.0,9.999999999999986,0.5999999999999996,0.01836692649454323,4.166666666666666,809095632.0
2025-10-30,6.65,6.48,6.7,6.45,46977221.0,307419433.0,-1.8181818181818077,-0.11999999999999922,0.05806139489824857,3.787878787878788,809095632.0
2025-10-31,6.46,6.55,6.62,6.4,25029701.0,163176833.0,1.0802469135802406,0.0699999999999994,0.030935404926274526,3.3950617283950573,809095632.0
2025-11-03,6.56,6.67,6.73,6.56,24625192.0,163967898.0,1.8320610687022842,0.1200000000000001,0.030435452900825943,2.5954198473282566,809095632.0
2025-11-04,6.7,6.62,6.74,6.57,20130120.0,133848479.0,-0.7496251874062887,-0.04999999999999982,0.024879778364691504,2.548725637181408,809095632.0
2025-11-05,6.59,6.84,7.2,6.56,50644492.0,351187089.0,3.3232628398791597,0.21999999999999975,0.0625939505751775,9.667673716012093,809095632.0
2025-11-06,6.89,6.68,6.94,6.66,22109301.0,148649545.0,-2.3391812865497075,-0.16000000000000014,0.027325942849732256,4.093567251461992,809095632.0
2025-11-07,6.7,6.58,6.72,6.54,15082967.0,99765379.0,-1.4970059880239472,-0.09999999999999964,0.018641760508231246,2.6946107784431095,809095632.0
2025-11-10,6.55,6.72,6.73,6.5,15885580.0,105432635.0,2.127659574468077,0.13999999999999968,0.019633748313203105,3.495440729483289,809095632.0
2025-11-11,6.72,6.74,6.75,6.67,9124870.0,61187456.0,0.29761904761904656,0.020000000000000462,0.011277863381173215,1.1904761904761916,809095632.0
2025-11-12,6.7,6.72,6.84,6.69,10567200.0,71290270.0,-0.29673590504452063,-0.020000000000000462,0.013060508031515365,2.22551928783382,809095632.0
2025-11-13,6.7,6.68,6.73,6.63,11248291.0,75218039.0,-0.5952380952380931,-0.040000000000000036,0.013902300982883071,1.4880952380952461,809095632.0
2025-11-14,6.68,6.67,6.76,6.65,11518328.0,77145793.0,-0.14970059880239361,-0.009999999999999787,0.014236052630179075,1.6467065868263389,809095632.0
2025-11-17,6.65,6.75,6.77,6.61,11332500.0,75920612.0,1.1994002998500841,0.08000000000000007,0.014006378914674452,2.398800599700139,809095632.0
2025-11-18,6.71,6.52,6.75,6.48,11413456.0,74929984.0,-3.4074074074074145,-0.23000000000000043,0.014106436308137182,3.999999999999994,809095632.0
2025-11-19,6.51,6.34,6.55,6.3,12721901.0,81254446.0,-2.7607361963190136,-0.17999999999999972,0.015723606081709758,3.834355828220859,809095632.0
2025-11-20,6.36,6.3,6.42,6.16,12354514.0,77835515.0,-0.6309148264984188,-0.040000000000000036,0.015269534912036208,4.100946372239744,809095632.0
2025-11-21,6.25,6.14,6.4,6.13,12295672.0,76627791.0,-2.5396825396825418,-0.16000000000000014,0.015196809269142119,4.285714285714294,809095632.0
2025-11-24,6.11,6.13,6.23,6.07,9305700.0,57218799.0,-0.16286644951140072,-0.009999999999999787,0.011501359829365634,2.605863192182413,809095632.0
2025-11-25,6.16,6.21,6.25,6.07,9408898.0,58218664.0,1.3050570962479524,0.08000000000000007,0.011628907174720727,2.9363784665579074,809095632.0
2025-11-26,6.21,6.17,6.29,6.15,7835398.0,48721601.0,-0.6441223832528209,-0.040000000000000036,0.009684143245998885,2.254428341384858,809095632.0
2025-11-27,6.2,6.18,6.24,6.06,10208700.0,63062003.0,0.16207455429497752,0.009999999999999787,0.012617420730309912,2.9173419773095723,809095632.0
2025-11-28,6.21,6.27,6.27,6.1,7672973.0,47543658.0,1.4563106796116498,0.08999999999999986,0.009483394417830698,2.750809061488672,809095632.0
2025-12-01,6.27,6.38,6.54,6.25,13033300.0,83762690.0,1.7543859649122862,0.11000000000000032,0.016108479003629078,4.625199362041468,809095632.0
2025-12-02,6.4,6.38,6.4,6.28,6669400.0,42336897.0,0.0,0.0,0.008243030534615468,1.8808777429467103,809095632.0
2025-12-03,6.37,6.38,6.43,6.31,8863300.0,56496284.0,0.0,0.0,0.01095457650425185,1.8808777429467103,809095632.0
2025-12-04,6.39,6.3,6.45,6.26,7240393.0,45930645.0,-1.2539184952978122,-0.08000000000000007,0.0089487481005212,2.9780564263322944,809095632.0
2025-12-05,6.3,6.32,6.36,6.2,7783400.0,48793100.0,0.31746031746031633,0.020000000000000462,0.00961987643013255,2.539682539682542,809095632.0
2025-12-08,6.36,6.39,6.41,6.28,8557680.0,54387375.0,1.1075949367088445,0.0699999999999994,0.010576846124909002,2.056962025316454,809095632.0
2025-12-09,6.33,6.41,6.66,6.33,16045928.0,103792460.0,0.3129890453834161,0.020000000000000462,0.019831930077704337,5.164319248826293,809095632.0
2025-12-10,6.37,6.46,6.52,6.25,18219959.0,115999498.0,0.7800312012480548,0.04999999999999982,0.02251891899967642,4.212168486739463,809095632.0
2025-12-11,6.36,6.14,6.4,6.12,15149400.0,94119196.0,-4.95356037151703,-0.3200000000000003,0.018723868231190748,4.334365325077403,809095632.0
2025-12-12,6.2,6.06,6.2,6.06,9254644.0,56623930.0,-1.3029315960912058,-0.08000000000000007,0.011438257276366066,2.2801302931596186,809095632.0
2025-12-15,6.02,6.04,6.08,5.97,8001770.0,48250300.0,-0.3300330033003229,-0.019999999999999574,0.00988977036029778,1.8151815181518205,809095632.0
2025-12-16,6.01,5.94,6.05,5.91,10232900.0,60986720.0,-1.655629139072845,-0.09999999999999964,0.012647330668076082,2.3178807947019817,809095632.0
2025-12-17,5.92,5.92,5.96,5.78,9277100.0,54491539.0,-0.33670033670034627,-0.020000000000000462,0.011466011721096524,3.0303030303030254,809095632.0
2025-12-18,5.92,5.95,6.05,5.87,6921200.0,41426774.0,0.5067567567567544,0.03000000000000025,0.008554242201124626,3.040540540540536,809095632.0
2025-12-19,5.97,6.13,6.2,5.91,11132700.0,67843674.0,3.0252100840336027,0.17999999999999972,0.013759436535927313,4.873949579831933,809095632.0
2025-12-22,6.13,6.09,6.18,6.09,10304100.0,63180892.0,-0.6525285481239762,-0.040000000000000036,0.012735330154396384,1.4681892332789537,809095632.0
2025-12-23,6.12,5.88,6.13,5.88,11401899.0,67783797.0,-3.4482758620689613,-0.20999999999999996,0.014092152458932073,4.105090311986864,809095632.0
2025-12-24,5.89,5.83,5.92,5.82,10506400.0,61686884.0,-0.8503401360544172,-0.04999999999999982,0.012985362402747466,1.7006802721088374,809095632.0
2025-12-25,5.84,5.79,5.87,5.76,7858300.0,45563134.0,-0.6861063464837058,-0.040000000000000036,0.009712448923466689,1.8867924528301943,809095632.0
2025-12-26,5.78,5.8,5.86,5.77,7434341.0,43221086.0,0.17271157167528806,0.009999999999999787,0.00918845771249943,1.554404145077733,809095632.0
2025-12-29,5.79,5.76,5.83,5.74,7421592.0,42840342.0,-0.6896551724137945,-0.040000000000000036,0.009172700613467161,1.551724137931032,809095632.0
2025-12-30,5.76,5.7,5.78,5.67,6609204.0,37814197.0,-1.041666666666663,-0.05999999999999961,0.008168631418343883,1.9097222222222279,809095632.0
2025-12-31,5.72,5.78,5.84,5.66,8609604.0,49541222.0,1.403508771929829,0.08000000000000007,0.01064102148063506,3.1578947368421004,809095632.0
2026-01-05,5.79,5.77,5.9,5.76,13093300.0,76139167.0,-0.17301038062285112,-0.010000000000000675,0.016182635874123715,2.4221453287197328,809095632.0
2026-01-06,5.78,5.88,6.17,5.76,17905841.0,105900591.0,1.906412478336228,0.11000000000000032,0.022130685535575848,7.105719237435011,809095632.0
2026-01-07,5.86,5.8,5.89,5.78,11025500.0,64239008.0,-1.3605442176870763,-0.08000000000000007,0.01362694292731023,1.8707482993197182,809095632.0
2026-01-08,5.78,5.89,5.9,5.73,14141301.0,82440821.0,1.551724137931032,0.08999999999999986,0.017477910448044538,2.9310344827586197,809095632.0
2026-01-09,5.87,5.89,5.92,5.81,10148085.0,59506764.0,0.0,0.0,0.012542503751892706,1.8675721561969494,809095632.0
2026-01-12,5.85,5.9,5.93,5.82,12351432.0,72592963.0,0.1697792869270076,0.010000000000000675,0.015265725720788466,1.8675721561969345,809095632.0
2026-01-13,5.9,5.88,5.94,5.83,12423500.0,73266399.0,-0.3389830508474634,-0.020000000000000462,0.015354798009835257,1.8644067796610222,809095632.0
2026-01-14,5.87,5.83,5.93,5.75,12874231.0,75371666.0,-0.8503401360544172,-0.04999999999999982,0.015911878016417223,3.0612244897959133,809095632.0
2026-01-15,5.8,5.84,5.9,5.76,9567484.0,55746503.0,0.17152658662091813,0.009999999999999787,0.011824911199125099,2.401372212692977,809095632.0
2026-01-16,5.88,5.78,5.89,5.76,8537602.0,49605413.0,-1.0273972602739656,-0.05999999999999961,0.010552030764145813,2.226027397260272,809095632.0
2026-01-19,5.75,5.93,5.93,5.73,12695384.0,74426969.0,2.595155709342545,0.14999999999999947,0.015690832452794654,3.460207612456735,809095632.0
2026-01-20,5.93,6.12,6.14,5.92,14953476.0,90790472.0,3.204047217537953,0.1900000000000004,0.01848171638627756,3.709949409780772,809095632.0
2026-01-21,6.08,6.14,6.16,5.99,10228700.0,62503522.0,0.32679738562091387,0.019999999999999574,0.012642139687141458,2.777777777777777,809095632.0
2026-01-22,6.16,6.23,6.23,6.06,9882762.0,61051632.0,1.4657980456026287,0.09000000000000075,0.0122145783627219,2.7687296416938243,809095632.0
2026-01-23,6.24,6.22,6.27,6.15,9215922.0,57231846.0,-0.16051364365972098,-0.010000000000000675,0.01139039890404451,1.9261637239165204,809095632.0
2026-01-26,6.25,6.28,6.37,6.2,15362809.0,96480408.0,0.9646302250803984,0.0600000000000005,0.01898763062411391,2.733118971061092,809095632.0
2026-01-27,6.26,6.2,6.29,6.13,12316939.0,76340556.0,-1.273885350318471,-0.08000000000000007,0.015223094171888942,2.5477707006369448,809095632.0
2026-01-28,6.22,6.21,6.3,6.18,9714901.0,60510573.0,0.1612903225806317,0.009999999999999787,0.012007110922086896,1.9354838709677438,809095632.0
2026-01-29,6.19,6.33,6.42,6.12,13738316.0,86750190.0,1.9323671497584627,0.1200000000000001,0.016979842007106522,4.830917874396133,809095632.0
2026-01-30,6.33,6.14,6.33,6.05,18899245.0,116395427.0,-3.001579778830965,-0.1900000000000004,0.02335848106519008,4.423380726698266,809095632.0
2026-02-02,6.25,6.09,6.42,6.09,17788711.0,111347986.0,-0.8143322475570036,-0.04999999999999982,0.021985918964891903,5.374592833876223,809095632.0
2026-02-03,6.16,6.2,6.29,6.16,13207800.0,82016757.0,1.806239737274229,0.11000000000000032,0.016324151901984312,2.1346469622331674,809095632.0
2026-02-04,6.2,6.4,6.42,6.18,15047027.0,95214200.0,3.2258064516129004,0.20000000000000018,0.018597340542804958,3.8709677419354875,809095632.0
2026-02-05,6.4,6.38,6.46,6.36,11536000.0,73923297.0,-0.31250000000000444,-0.020000000000000462,0.014257894300435427,1.5624999999999944,809095632.0
2026-02-06,6.35,6.28,6.37,6.25,10863219.0,68562627.0,-1.5673981191222541,-0.09999999999999964,0.013426372075631228,1.8808777429467103,809095632.0
2026-02-09,6.32,6.39,6.42,6.26,10434909.0,66459460.0,1.7515923566878921,0.10999999999999943,0.012897003255605265,2.5477707006369448,809095632.0
2026-02-10,6.42,6.31,6.42,6.3,7728459.0,48982422.0,-1.2519561815336422,-0.08000000000000007,0.009551972219768454,1.8779342723004713,809095632.0
2026-02-11,6.29,6.31,6.36,6.27,6569900.0,41490511.0,0.0,0.0,0.00812005372437853,1.4263074484944651,809095632.0
2026-02-12,6.31,6.23,6.33,6.22,6991201.0,43839127.0,-1.2678288431061668,-0.07999999999999918,0.008640759785982876,1.7432646592710037,809095632.0
2026-02-13,6.24,6.22,6.31,6.2,6119200.0,38280069.0,-0.16051364365972098,-0.010000000000000675,0.007563012032179652,1.7656500802568125,809095632.0
2026-02-24,6.25,6.28,6.34,6.22,10893400.0,68388817.0,0.9646302250803984,0.0600000000000005,0.013463674217437872,1.9292604501607735,809095632.0
2026-02-25,6.3,6.39,6.45,6.27,12065437.0,77356653.0,1.7515923566878921,0.10999999999999943,0.014912250817836575,2.86624203821657,809095632.0
2026-02-26,6.41,6.2,6.43,6.18,10214700.0,63965281.0,-2.9733959311423974,-0.1899999999999995,0.012624836417359377,3.912363067292645,809095632.0
2026-02-27,6.23,6.21,6.23,6.15,4869352.0,30193129.0,0.1612903225806317,0.009999999999999787,0.00601826509427998,1.2903225806451624,809095632.0
2026-03-02,6.1,5.92,6.21,5.91,12545738.0,75186179.0,-4.669887278582929,-0.29000000000000004,0.015505877802093981,4.830917874396133,809095632.0
2026-03-03,5.97,5.86,6.03,5.83,12297300.0,72688457.0,-1.0135135135135087,-0.05999999999999961,0.015198821392228206,3.378378378378381,809095632.0
2026-03-04,5.85,5.87,5.96,5.82,12386012.0,72782240.0,0.17064846416381396,0.009999999999999787,0.01530846479715021,2.3890784982935096,809095632.0
2026-03-05,5.98,6.04,6.13,5.92,15687900.0,94489699.0,2.8960817717206044,0.16999999999999993,0.01938942614388011,3.577512776831345,809095632.0
2026-03-06,5.98,6.13,6.15,5.97,13897700.0,84715214.0,1.490066225165565,0.08999999999999986,0.017176832317888475,2.9801324503311357,809095632.0
2026-03-09,6.07,6.01,6.12,5.95,14982000.0,90143800.0,-1.9575856443719397,-0.1200000000000001,0.018516970562510712,2.7732463295269154,809095632.0
2026-03-10,6.08,6.01,6.09,5.98,8634000.0,51927602.0,0.0,0.0,0.01067117366417818,1.8302828618968294,809095632.0
2026-03-11,6.01,5.96,6.03,5.96,8784190.0,52552599.0,-0.8319467554076532,-0.04999999999999982,0.01085680067050467,1.1647254575707202,809095632.0
2026-03-12,6.0,5.94,6.01,5.93,9944700.0,59253710.0,-0.3355704697986517,-0.019999999999999574,0.012291130500133512,1.342281879194632,809095632.0
2026-03-13,5.91,5.93,6.06,5.91,10456600.0,62601704.0,-0.16835016835018424,-0.010000000000000675,0.012923812200236919,2.525252525252516,809095632.0
2026-03-16,5.93,5.96,6.02,5.92,9233100.0,55026530.0,0.5059021922428464,0.03000000000000025,0.011411630016067124,1.6863406408094375,809095632.0
2026-03-17,5.95,6.02,6.17,5.95,16446701.0,99775807.0,1.0067114093959662,0.05999999999999961,0.020327264602016785,3.691275167785231,809095632.0
2026-03-18,6.01,5.98,6.03,5.92,10566400.0,63093727.0,-0.6644518272425071,-0.03999999999999915,0.013059519273242103,1.8272425249169488,809095632.0
2026-03-19,5.95,5.79,5.98,5.78,13459884.0,79099817.0,-3.177257525083621,-0.1900000000000004,0.01663571457768048,3.3444816053511732,809095632.0
2026-03-20,5.82,5.73,5.83,5.66,12445000.0,71461834.0,-1.036269430051806,-0.05999999999999961,0.015381370888429169,2.936096718480137,809095632.0
2026-03-23,5.65,5.33,5.71,5.28,16489899.0,90528950.0,-6.980802792321128,-0.40000000000000036,0.02038065507687724,7.504363001745196,809095632.0
2026-03-24,5.44,5.63,5.64,5.38,14505502.0,79791377.0,5.628517823639778,0.2999999999999998,0.017928043887894825,4.878048780487801,809095632.0
2026-03-25,5.61,5.71,5.74,5.55,10021203.0,56865063.0,1.4209591474245054,0.08000000000000007,0.012385684217857698,3.3747779751332216,809095632.0
2026-03-26,5.73,5.74,5.85,5.71,9163000.0,52751808.0,0.5253940455341555,0.03000000000000025,0.011324990072372558,2.451838879159364,809095632.0
2026-03-27,5.69,5.79,5.81,5.66,9761040.0,56002089.0,0.8710801393728262,0.04999999999999982,0.01206413631954943,2.6132404181184574,809095632.0
2026-03-30,5.7,6.04,6.07,5.7,17850900.0,105515217.0,4.317789291882557,0.25,0.022062781325211753,6.390328151986186,809095632.0
2026-03-31,6.11,6.07,6.61,6.06,45558531.0,288340774.0,0.4966887417218624,0.03000000000000025,0.05630796805488131,9.105960264900673,809095632.0
2026-04-01,6.22,5.86,6.25,5.84,30448301.0,180788357.0,-3.4596375617792385,-0.20999999999999996,0.03763251190064514,6.7545304777594755,809095632.0
2026-04-02,5.84,5.78,5.87,5.68,16646900.0,95994063.0,-1.3651877133105783,-0.08000000000000007,0.020574700123952714,3.2423208191126345,809095632.0
2026-04-03,5.78,5.57,5.83,5.54,12097300.0,67972632.0,-3.633217993079585,-0.20999999999999996,0.01495163182391275,5.017301038062285,809095632.0
2026-04-07,5.58,5.72,5.75,5.51,12526700.0,70932587.0,2.6929982046678624,0.14999999999999947,0.015482347827086032,4.308797127468585,809095632.0
2026-04-08,5.75,5.85,5.87,5.73,12357900.0,71980376.0,2.2727272727272707,0.1299999999999999,0.01527371983142779,2.447552447552442,809095632.0
2026-04-09,5.81,5.73,5.86,5.66,9131300.0,52420008.0,-2.051282051282033,-0.11999999999999922,0.011285810525794557,3.4188034188034218,809095632.0
2026-04-10,5.77,5.75,5.86,5.72,8771900.0,50892979.0,0.3490401396160525,0.019999999999999574,0.010841610871531685,2.4432809773124005,809095632.0
2026-04-13,5.75,5.81,5.82,5.7,8590708.0,49676109.0,1.043478260869568,0.05999999999999961,0.010617667010220617,2.086956521739132,809095632.0
2026-04-14,5.85,5.92,5.95,5.78,10042900.0,58739890.0,1.8932874354561147,0.11000000000000032,0.0124125005781764,2.925989672977624,809095632.0
2026-04-15,5.9,5.85,5.95,5.82,12319103.0,72237008.0,-1.1824324324324342,-0.07000000000000028,0.015225768763018115,2.1959459459459443,809095632.0
2026-04-16,5.86,5.82,5.91,5.78,12649100.0,73690897.0,-0.5128205128204999,-0.02999999999999936,0.01563362784289509,2.2222222222222205,809095632.0
2026-04-17,5.82,5.73,5.85,5.71,13560403.0,78138265.0,-1.546391752577314,-0.08999999999999986,0.016759950818767983,2.4054982817869357,809095632.0
2026-04-20,5.73,5.55,5.76,5.44,28194778.0,155480123.0,-3.141361256544517,-0.1800000000000006,0.0348472750128504,5.584642233856883,809095632.0
2026-04-21,5.55,5.57,5.59,5.47,19030952.0,105533126.0,0.3603603603603789,0.020000000000000462,0.023521264047560695,2.162162162162164,809095632.0
2026-04-22,5.55,5.55,5.73,5.5,16296986.0,90536812.0,-0.35906642728905647,-0.020000000000000462,0.020142224670915046,4.129263913824064,809095632.0
2026-04-23,5.53,5.43,5.56,5.42,12756902.0,69692735.0,-2.1621621621621623,-0.1200000000000001,0.015766865492112803,2.5225225225225167,809095632.0
2026-04-24,5.4,5.31,5.42,5.27,12378600.0,66131401.0,-2.209944751381221,-0.1200000000000001,0.015299303951748437,2.762430939226526,809095632.0
2026-04-27,5.28,5.26,5.3,5.16,12452500.0,65135094.0,-0.941619585687381,-0.04999999999999982,0.015390640497240999,2.6365348399246646,809095632.0
2026-04-28,5.25,5.23,5.32,5.19,10105397.0,52949553.0,-0.5703422053231821,-0.02999999999999936,0.012489743610431455,2.4714828897338386,809095632.0
2026-04-29,5.19,5.29,5.32,5.19,11110752.0,58717006.0,1.1472275334607929,0.05999999999999961,0.013732309952700375,2.485659655831738,809095632.0
2026-04-30,5.29,5.38,5.41,5.25,16351200.0,87644329.0,1.7013232514177634,0.08999999999999986,0.020209230347198313,3.0245746691871482,809095632.0
2026-05-06,5.4,5.36,5.42,5.31,14141000.0,75631795.0,-0.3717472118959009,-0.019999999999999574,0.017477538427744226,2.044609665427515,809095632.0
2026-05-07,5.42,5.38,5.51,5.31,15896200.0,85712739.0,0.3731343283581934,0.019999999999999574,0.019646874079280657,3.7313432835820928,809095632.0
2026-05-08,5.36,5.4,5.44,5.35,12549000.0,67654718.0,0.3717472118959231,0.020000000000000462,0.015509909463953206,1.6728624535316126,809095632.0
2026-05-11,5.4,5.4,5.48,5.33,14113438.0,76393447.0,0.0,0.0,0.017443473233334672,2.7777777777777843,809095632.0
2026-05-12,5.42,5.35,5.42,5.27,13582900.0,72600380.0,-0.9259259259259411,-0.05000000000000071,0.016787755937359948,2.7777777777777843,809095632.0
2026-05-13,5.33,5.27,5.34,5.26,8994502.0,47597790.0,-1.4953271028037451,-0.08000000000000007,0.01111673533296247,1.4953271028037398,809095632.0
2026-05-14,5.31,5.06,5.31,5.05,14830182.0,76308293.0,-3.984819734345346,-0.20999999999999996,0.018329331433098135,4.933586337760907,809095632.0
2026-05-15,5.05,5.07,5.09,4.95,11814262.0,59576864.0,0.19762845849804478,0.010000000000000675,0.014601811618728403,2.766798418972326,809095632.0
2026-05-18,5.05,4.99,5.05,4.91,8894203.0,44058736.0,-1.5779092702169595,-0.08000000000000007,0.01099277100040011,2.761341222879678,809095632.0
2026-05-19,4.99,5.04,5.05,4.94,6981400.0,34951956.0,1.002004008016022,0.04999999999999982,0.008628646261187577,2.2044088176352594,809095632.0
2026-05-20,5.03,4.95,5.03,4.92,6064000.0,30044796.0,-1.7857142857142794,-0.08999999999999986,0.007494787711324587,2.182539682539689,809095632.0
2026-05-21,5.0,4.75,5.0,4.75,8669800.0,42256835.0,-4.040404040404044,-0.20000000000000018,0.010715420596906645,5.05050505050505,809095632.0
2026-05-22,4.77,4.82,4.86,4.7,8035000.0,38368779.0,1.473684210526316,0.07000000000000028,0.009930840907073394,3.3684210526315814,809095632.0
2026-05-25,4.81,4.8,4.89,4.75,7215432.0,34782228.0,-0.4149377593361092,-0.020000000000000462,0.00891789760644759,2.9045643153526903,809095632.0
2026-05-26,4.77,4.75,4.89,4.69,10557695.0,50153291.0,-1.041666666666663,-0.04999999999999982,0.013048760347281172,4.166666666666652,809095632.0
2026-05-27,4.75,4.66,4.75,4.58,11531640.0,53825175.0,-1.8947368421052602,-0.08999999999999986,0.01425250556784615,3.578947368421051,809095632.0
2026-05-28,4.67,4.74,4.79,4.63,9292529.0,43888176.0,1.7167381974249052,0.08000000000000007,0.01148508116034422,3.433476394849788,809095632.0
2026-05-29,4.79,4.75,5.04,4.72,16241962.0,78538033.0,0.21097046413500742,0.009999999999999787,0.020074217876880098,6.7510548523206815,809095632.0
2026-06-01,4.73,4.91,4.94,4.61,18191574.0,87744032.0,3.368421052631576,0.16000000000000014,0.022483836620193248,6.947368421052633,809095632.0
2026-06-02,4.9,4.83,4.93,4.76,12322700.0,59625566.0,-1.6293279022403295,-0.08000000000000007,0.015230214467404269,3.462321792260691,809095632.0
2026-06-03,4.83,4.72,4.84,4.64,9400300.0,44337137.0,-2.2774327122153326,-0.11000000000000032,0.011618280495178844,4.140786749482405,809095632.0
2026-06-04,4.68,4.64,4.8,4.59,8889734.0,41729710.0,-1.6949152542372947,-0.08000000000000007,0.010987247549496102,4.449152542372881,809095632.0
2026-06-05,4.66,4.88,5.02,4.62,24101309.0,117093026.0,5.1724137931034475,0.2400000000000002,0.029787960837736917,8.620689655172404,809095632.0
2026-06-08,4.79,4.85,5.06,4.75,17549633.0,85865921.0,-0.6147540983606592,-0.03000000000000025,0.021690431026823293,6.352459016393435,809095632.0
2026-06-09,4.88,4.67,4.9,4.63,13435331.0,63077642.0,-3.711340206185565,-0.17999999999999972,0.016605368350326232,5.567010309278361,809095632.0
2026-06-10,4.66,4.63,4.67,4.53,9651133.0,44337084.0,-0.8565310492505307,-0.040000000000000036,0.011928297000125196,2.997858672376867,809095632.0
2026-06-11,4.61,4.56,4.62,4.48,8137805.0,37002494.0,-1.5118790496760348,-0.07000000000000028,0.010057902524926745,3.023758099352045,809095632.0
2026-06-12,4.6,4.59,4.66,4.52,11297200.0,51921149.0,0.6578947368421018,0.03000000000000025,0.013962749955866775,3.070175438596504,809095632.0
2026-06-15,4.64,4.58,4.67,4.55,9302340.0,42764972.0,-0.2178649237472685,-0.009999999999999787,0.011497207044617935,2.614379084967323,809095632.0
2026-06-16,4.59,4.5,4.59,4.47,7349300.0,33160786.0,-1.7467248908296984,-0.08000000000000007,0.009083351472103856,2.6200873362445436,809095632.0
2026-06-17,4.49,4.38,4.51,4.34,10731832.0,47171284.0,-2.6666666666666727,-0.1200000000000001,0.013263984596569914,3.7777777777777763,809095632.0
2026-06-18,4.39,4.38,4.45,4.3,9724791.0,42618356.0,0.0,0.0,0.012019334446240095,3.4246575342465837,809095632.0
2026-06-22,4.37,4.35,4.37,4.2,9503520.0,40813976.0,-0.6849315068493178,-0.03000000000000025,0.01174585503138645,3.8812785388127837,809095632.0
2026-06-23,4.35,4.44,4.5,4.32,9854538.0,43832038.0,2.0689655172414056,0.09000000000000075,0.012179694970841221,4.137931034482753,809095632.0
